funder,ein,type,apply_url,cycle,lane,grants_n,total_usd,median_usd,p25_usd,p75_usd,grants_to_peers,grants_animal_related,typical_ask_usd,source,last_checked,page_hash,notes
Jewish Community Foundation of Los Angeles,95-6111928,DAF/community foundation,https://www.jewishfoundationla.org/,rolling (donor-advised); Cutting Edge grants annual,donors at the table who hold funds here,1063,142158799,25000,10000,68000,3,8,25000,jcf_grants.csv,,,
Jewish Federation of Greater Los Angeles,95-1643388,federation,https://www.jewishla.org/,annual allocations + emergency,healing program; special-needs partnership,144,33114403,50000,15812,112158,3,0,50000,federation_la_grants.csv,,,
Annenberg Foundation,23-7017870,private foundation,https://annenberg.org/grantmaking/,LOI year-round,rescue program; LA animal funder,543,53343335,25000,15000,50000,0,24,25000,annenberg_grants.csv,,,
Ahmanson Foundation,95-6089998,private foundation,https://theahmansonfoundation.org/,LOI year-round; capital,"capital: shade, therapy space, vehicle",442,65482933,50000,25000,111725,0,4,50000,ahmanson_grants.csv,,,
Petco Love,27-1164370,corporate foundation,https://petcolove.org/grants/,invest grants annual + product,rescue: cash plus veterinary supplies,784,18204600,11000,7300,24000,0,525,11000,petco_love_grants.csv,,,
Ralph M. Parsons Foundation,95-6091545,private foundation,https://rmpf.org/,quarterly,"healing, year 2",403,18183017,30000,10000,50000,0,6,30000,parsons_grants.csv,,,
Weingart Foundation,95-6054814,private foundation,https://weingartfnd.org/,by invitation,weak fit,540,38108055,10000,1056,100000,0,12,10000,weingart_grants.csv,,,
FEMA/Cal OES Nonprofit Security Grant Program (NSGP),,federal via state,https://www.caloes.ca.gov/office-of-the-director/policy-administration/finance-administration/grants-management/homeland-security-emergency-management-programs/infrastructure-protection-grants/,annual; CA app window ~Apr-May,security; awarded FY2025 $190K,,,,,,,,190000,manual,,,
California State Nonprofit Security Grant Program (CSNSGP),,state,https://www.caloes.ca.gov/category/grant-announcements-category/california-state-nonprofit-security-grant-program/,annual RFP,"security, second site/upgrades",,,,,,,,200000,manual,,,
LA County Department of Mental Health — community partnerships,,county,https://dmh.lacounty.gov/,RFS/RFP cycles,healing program contract (Wolf Connection model),,,,,,,,100000,manual,,,
LA County Department of Animal Care and Control — partner grants,,county,https://animalcare.lacounty.gov/,varies,rescue partnership,,,,,,,,25000,manual,,,
City of LA Department of Cultural Affairs — community arts,,city,https://culturela.org/grants/,annual,education/community events,,,,,,,,15000,manual,,,
LA Neighborhood Council — Neighborhood Purposes Grants (Winnetka NC),,city,https://empowerla.org/,rolling,small program support; local visibility,,,,,,,,5000,manual,,,
California Grants Portal (all state agencies),,state aggregator,https://www.grants.ca.gov/,continuous,monitor source,,,,,,,,0,manual,,,
Grants.gov (all federal),,federal aggregator,https://www.grants.gov/,continuous,monitor source,,,,,,,,0,manual,,,
