obl_id,award,title,kind,due,trigger,lead_days,owner,source,status,notes
nsgp25-webinar,NSGP FY2025,"Required Documents webinar (mandatory) — attend, 10:00 PT",deadline,2026-10-01,,1,Limor+Tiran,Cal OES award email 25.9.2026 (FACTS #13) · Cal OES GMM 2025-11 / 2026-10 (NSGP.md),open,attendance mandatory; mark done when attended
nsgp25-phase1,NSGP FY2025,Phase I notice — Authorized Agent signs and returns,deadline,,Phase I notice received +20 calendar days,20,Limor,"Cal OES FY2024 NSGP guidance, same structure (NSGP.md)",verify,receipt date unknown until Limor forwards the notice; set due = receipt + 20 d. Notice also carries the Cal OES performance period
nsgp25-required-docs,NSGP FY2025,Required Documents package to Cal OES,deadline,,per the webinar / Phase I notice,,Limor+EMD,Cal OES GMM 2025-11 / 2026-10 (NSGP.md),verify,missing it forfeits the subaward to the next applicant; due date announced in the webinar
nsgp25-sam,NSGP FY2025,UEI/SAM registration active (annual renewal),deadline,,annual renewal from last SAM activation,30,Tiran,SAM.gov; NSGP.md (no reimbursement without active SAM),verify,status and expiry date unknown — check sam.gov entity status
nsgp25-quarterly,NSGP FY2025,Quarterly performance/financial report to Cal OES,report,,quarterly; first due after subaward start,14,Tiran,Cal OES Subrecipient Handbook (NSGP.md),verify,cadence quarterly; first due date unknown — from Phase I notice / webinar
nsgp25-pop-end,NSGP FY2025,Federal period of performance ends,deadline,2028-08-31,,90,Limor,FEMA NSGP FY2025 NOFO / Quick Start (NSGP.md),open,federal PoP 2025-09-01..2028-08-31; Cal OES subaward likely shorter — replace with the Phase I date
nsgp25-ehp,NSGP FY2025,"EHP approval before any purchase, install, reimbursement or advance",rule,,before each purchase,,Limor+EMD,Cal OES NSGP State Supplement / Required Documents webinars (NSGP.md),open,no vendor installs before the EHP approval letter
nsgp25-procurement,NSGP FY2025,"Federal procurement: competitive quotes, no suspended/debarred vendors",rule,,each purchase,,Tiran+EMD,2 CFR 200.318–200.320 · 2 CFR 200.214,open,quote thresholds per 2 CFR 200.320 — confirm current amounts in the webinar; check vendor in SAM exclusions
nsgp25-inventory,NSGP FY2025,Equipment inventory records; physical inventory at least every two years,rule,,each equipment purchase,,Tiran,2 CFR 200.313(d),open,"record description, serial, funding source, cost, location, use, condition"
nsgp25-no-encumbrance,NSGP FY2025,Equipment bought with the award must not be encumbered,rule,,always,,Limor,2 CFR 200.313(c),open,"no collateral, no loans against the grant or its equipment"
nsgp25-ma-cap,NSGP FY2025,Management & Administration capped at 5% of the subaward,rule,,each M&A charge,,Tiran,FEMA FY2025 NSGP Fact Sheet / NOFO (NSGP.md),open,"5% of $190,000 = $9,500"
