funder,tax_year,schedule,recipient,recipient_ein,city,state,amount,amount_noncash,noncash_desc,purpose,source
The Ahmanson Foundation,2024,990-PF-XV,ROMAN ARCHBISHOP OF LOS ANGELES,,LOS ANGELES,CA,6300000,,,FOR ACQUISITION OF PROPERTY FOR THE BENEFIT OF ST. GENEVIEVE SCHOOL,https://projects.propublica.org/nonprofits/full_text/202532549349101503/IRS990PF
The Ahmanson Foundation,2024,990-PF-XV,LOS ANGELES CTY MUS OF NAT HIST,,LOS ANGELES,CA,5000000,,,TOWARD PRELIMINARY COSTS FOR THE REIMAGINING LA BREA TAR PITS PROJECT,https://projects.propublica.org/nonprofits/full_text/202532549349101503/IRS990PF
The Ahmanson Foundation,2024,990-PF-XV,THE COLBURN SCHOOL,,LOS ANGELES,CA,5000000,,,TOWARD CONSTRUCTION OF THE COLBURN CENTER,https://projects.propublica.org/nonprofits/full_text/202532549349101503/IRS990PF
The Ahmanson Foundation,2024,990-PF-XV,MEXICAN AMER LEG DEF & EDU FD,,LOS ANGELES,CA,2000000,,,TOWARD REPLACEMENT OF THE HVAC SYSTEM AT THE LOS ANGELES HEADQUARTERS,https://projects.propublica.org/nonprofits/full_text/202532549349101503/IRS990PF
The Ahmanson Foundation,2024,990-PF-XV,CHILDRENS INSTITUTE INC,,LOS ANGELES,CA,1500000,,,TOWARD THE UPGRADED HUMAN RESOURCES SYSTEM WORKDAY,https://projects.propublica.org/nonprofits/full_text/202532549349101503/IRS990PF
The Ahmanson Foundation,2024,990-PF-XV,DISCOVERY SCIENCE CENTER OF LA,,SYLMAR,CA,1500000,,,WILDLIFE CAROUSEL AND OUTDOOR AMPHITHEATER AS PART OF THE STEM COURTYARD EXPANSION PROJECT,https://projects.propublica.org/nonprofits/full_text/202532549349101503/IRS990PF
The Ahmanson Foundation,2024,990-PF-XV,VOLUNTEERS OF AMERICA INC,,LOS ANGELES,CA,1500000,,,TOWARD CONSTRUCTION OF 50 UNITS OF TRANSITIONAL HOUSING FOR PREGNANT OR POSTPARTUM TRANSITION AGED YOUTH,https://projects.propublica.org/nonprofits/full_text/202532549349101503/IRS990PF
The Ahmanson Foundation,2024,990-PF-XV,CREIGHTON UNIVERSITY,,OMAHA,NE,1000000,,,TOWARD RENOVATION OF CREIGHTON HALL,https://projects.propublica.org/nonprofits/full_text/202532549349101503/IRS990PF
The Ahmanson Foundation,2024,990-PF-XV,HENRY E HUNTINGTON LIB & ART GAL,,SAN MARINO,CA,1000000,,,TOWARD LIBRARY RENEWAL,https://projects.propublica.org/nonprofits/full_text/202532549349101503/IRS990PF
The Ahmanson Foundation,2024,990-PF-XV,HENRY E HUNTINGTON LIB & ART GAL,,SAN MARINO,CA,1000000,,,TOWARD LIBRARY RENEWAL,https://projects.propublica.org/nonprofits/full_text/202532549349101503/IRS990PF
The Ahmanson Foundation,2024,990-PF-XV,PASADENA HOSPITAL ASSOCIATION LTD,,PASADENA,CA,1000000,,,TOWARD A NEW CT SCANNER,https://projects.propublica.org/nonprofits/full_text/202532549349101503/IRS990PF
The Ahmanson Foundation,2024,990-PF-XV,PEOPLE ASSISTING THE HOMELESS,,LOS ANGELES,CA,1000000,,,FOR HVAC UPGRADES AT SIX BUILDINGS AND EQUIPPING A CENTRAL OFFICE SPACE WITH FURNISHINGS AND SECURITY,https://projects.propublica.org/nonprofits/full_text/202532549349101503/IRS990PF
The Ahmanson Foundation,2024,990-PF-XV,AMERICAN NATIONAL RED CROSS,,LOS ANGELES,CA,880000,,,TOWARD RENOVATION OF THE PALMDALE SITE,https://projects.propublica.org/nonprofits/full_text/202532549349101503/IRS990PF
The Ahmanson Foundation,2024,990-PF-XV,LEGAL AID FOUNDATION OF LOS ANGELES,,LOS ANGELES,CA,750000,,,TOWARD CONSTRUCTION OF THE NEW EAST LOS ANGELES OFFICE,https://projects.propublica.org/nonprofits/full_text/202532549349101503/IRS990PF
The Ahmanson Foundation,2024,990-PF-XV,VILLA ESPERANZA SERVICES,,PASADENA,CA,750000,,,"TOWARD CONSTRUCTION OF AN OCCUPATIONAL THERAPY CLINIC, SPORTS AND THERAPEUTIC CENTER, AND THREE CLASSROOMS",https://projects.propublica.org/nonprofits/full_text/202532549349101503/IRS990PF
The Ahmanson Foundation,2024,990-PF-XV,ALTAMED HEALTH SERVICES CORP,,LOS ANGELES,CA,704000,,,FOR MEDICAL EQUIPMENT FOR THREE PACE SITES,https://projects.propublica.org/nonprofits/full_text/202532549349101503/IRS990PF
The Ahmanson Foundation,2024,990-PF-XV,HENRY E HUNTINGTON LIB & ART GAL,,SAN MARINO,CA,697580,,,"ACQUISITION OF PAINTING, PORTRAIT OF THE COMTE OF CROMOT, SUPT. OF THE COMTE DE PROVENCE, AT AN EASEL, ACCOMPANIED BY HIS DAUGHTERS-IN-LAW (C. 1787), BY CALLET",https://projects.propublica.org/nonprofits/full_text/202532549349101503/IRS990PF
The Ahmanson Foundation,2024,990-PF-XV,THE UCLA FOUNDATION,,LOS ANGELES,CA,566300,,,FOR CREATION OF AN ADDITIONAL COLLABORATIVE STUDY AREA IN THE BIOMEDICAL LIBRARY,https://projects.propublica.org/nonprofits/full_text/202532549349101503/IRS990PF
The Ahmanson Foundation,2024,990-PF-XV,LOS ANGELES OPERA COMPANY,,LOS ANGELES,CA,500000,,,TOWARD WEBSITE AND TECHNOLOGY UPGRADES,https://projects.propublica.org/nonprofits/full_text/202532549349101503/IRS990PF
The Ahmanson Foundation,2024,990-PF-XV,MAYFIELD SR SCH OF HOLY CH JESUS,,PASADENA,CA,500000,,,TOWARD THE NEW PLAYING FIELD AND PARKING COMPLEX,https://projects.propublica.org/nonprofits/full_text/202532549349101503/IRS990PF
The Ahmanson Foundation,2024,990-PF-XV,SAINT JOHNS HEALTH CENTER FDN,,SANTA MONICA,CA,500000,,,"TOWARD TECHNOLOGY, EQUIPMENT, AND CONSTRUCTION OF A CT SCANNER SUITE IN RADIATION ONCOLOGY",https://projects.propublica.org/nonprofits/full_text/202532549349101503/IRS990PF
The Ahmanson Foundation,2024,990-PF-XV,SAINT MARKS SCHOOL ALTADENA INC,,ALTADENA,CA,500000,,,TOWARD PHASE 1A OF THE CAMPUS MASTER PLAN: CONSTRUCTION OF A NEW PRESCHOOL FACILITY,https://projects.propublica.org/nonprofits/full_text/202532549349101503/IRS990PF
The Ahmanson Foundation,2024,990-PF-XV,TEACH FOR AMERICA INC,,LOS ANGELES,CA,500000,,,"TOWARD THE LOS ANGELES CORPS PROGRAM, 2024-25",https://projects.propublica.org/nonprofits/full_text/202532549349101503/IRS990PF
The Ahmanson Foundation,2024,990-PF-XV,THE CHILDRENS CLINIC,,LONG BEACH,CA,500000,,,TOWARD ADDITIONAL SUPPORT FOR CONSTRUCTION OF THE TCC FAMILY HEALTH AND WELLNESS CENTER,https://projects.propublica.org/nonprofits/full_text/202532549349101503/IRS990PF
The Ahmanson Foundation,2024,990-PF-XV,WESTMONT COLLEGE,,SANTA BARBARA,CA,500000,,,TOWARD RENOVATION OF THE DINING COMMONS,https://projects.propublica.org/nonprofits/full_text/202532549349101503/IRS990PF
The Ahmanson Foundation,2024,990-PF-XV,LATINO THEATER COMPANY,,LOS ANGELES,CA,400400,,,"TOWARD PHASE II FACILITY UPGRADES, SEATING, AND EQUIPMENT IN THEATER 2",https://projects.propublica.org/nonprofits/full_text/202532549349101503/IRS990PF
The Ahmanson Foundation,2024,990-PF-XV,RIDE ON LA,,CHATSWORTH,CA,400000,,,TOWARD A ROOF COVER FOR THE CHATSWORTH RIDING ARENA,https://projects.propublica.org/nonprofits/full_text/202532549349101503/IRS990PF
The Ahmanson Foundation,2024,990-PF-XV,SOUTHERN CALIFORNIA GRANTMAKERS,,LOS ANGELES,CA,350000,,,TOWARD NSI PROGRAMS,https://projects.propublica.org/nonprofits/full_text/202532549349101503/IRS990PF
The Ahmanson Foundation,2024,990-PF-XV,JUNIPERO SERRA HIGH SCHOOL A CORP,,GARDENA,CA,337000,,,FOR NEW WI-FI INFRASTRUCTURE,https://projects.propublica.org/nonprofits/full_text/202532549349101503/IRS990PF
The Ahmanson Foundation,2024,990-PF-XV,JAPANESE AMERICAN CUL & COMM CTR,,LOS ANGELES,CA,313000,,,FOR A NEW HVAC SYSTEM,https://projects.propublica.org/nonprofits/full_text/202532549349101503/IRS990PF
The Ahmanson Foundation,2024,990-PF-XV,SANTA CATALINA ISLAND CONSERVANCY,,AVALON,CA,311300,,,FOR REIMBURSEMENT OF A BULLDOZER,https://projects.propublica.org/nonprofits/full_text/202532549349101503/IRS990PF
The Ahmanson Foundation,2024,990-PF-XV,PUBLIC COUNSEL,,LOS ANGELES,CA,277000,,,FOR UPGRADED TECHNOLOGY,https://projects.propublica.org/nonprofits/full_text/202532549349101503/IRS990PF
The Ahmanson Foundation,2024,990-PF-XV,LOS ANGELES CONSERVATION CORPS,,LOS ANGELES,CA,276000,,,FOR ROOF REPLACEMENT AND REMEDIATION OF WATER DAMAGE AT THE JOHN VAN DE KAMP CENTER,https://projects.propublica.org/nonprofits/full_text/202532549349101503/IRS990PF
The Ahmanson Foundation,2024,990-PF-XV,LA SALLE HIGH SCHOOL OF PASADENA,,PASADENA,CA,265000,,,TOWARD EXPANDING AND EQUIPPING THE STEAM LAB,https://projects.propublica.org/nonprofits/full_text/202532549349101503/IRS990PF
The Ahmanson Foundation,2024,990-PF-XV,ST BERNARD HIGH SCHOOL,,PLAYA DEL REY,CA,250000,,,TOWARD PHASE 1 OF CAMPUS RENOVATIONS,https://projects.propublica.org/nonprofits/full_text/202532549349101503/IRS990PF
The Ahmanson Foundation,2024,990-PF-XV,VISION TO LEARN,,LOS ANGELES,CA,250000,,,TOWARD PHASE II EHR UPGRADES,https://projects.propublica.org/nonprofits/full_text/202532549349101503/IRS990PF
The Ahmanson Foundation,2024,990-PF-XV,ACTORS GANG INC,,CULVER CITY,CA,245600,,,FOR EQUIPMENT UPGRADES AND SOUNDPROOFING,https://projects.propublica.org/nonprofits/full_text/202532549349101503/IRS990PF
The Ahmanson Foundation,2024,990-PF-XV,MYCHALS LEARNING PLACE,,HAWTHORNE,CA,215000,,,"FOR RENOVATING, EQUIPPING, AND FURNISHING MYCHAL'S CAF",https://projects.propublica.org/nonprofits/full_text/202532549349101503/IRS990PF
The Ahmanson Foundation,2024,990-PF-XV,THE WENDE MUSEUM OF THE COLD WAR,,CULVER CITY,CA,200000,,,TOWARD CONSTRUCTION OF THE CREATIVE COMMUNITY CENTER,https://projects.propublica.org/nonprofits/full_text/202532549349101503/IRS990PF
The Ahmanson Foundation,2024,990-PF-XV,A PLACE CALLED HOME,,LOS ANGELES,CA,150000,,,FOR REPLACEMENT OF THE ATHLETIC FIELD SHADE SAIL SYSTEM,https://projects.propublica.org/nonprofits/full_text/202532549349101503/IRS990PF
The Ahmanson Foundation,2024,990-PF-XV,AMERICAN MUSEUM OF CERAMIC ART,,POMONA,CA,150000,,,TOWARD NEW FLOORING AS PART OF THE MUSEUM RENOVATION,https://projects.propublica.org/nonprofits/full_text/202532549349101503/IRS990PF
The Ahmanson Foundation,2024,990-PF-XV,AWAKENING RECOVERY INC,,LOS ANGELES,CA,150000,,,FOR SOLAR PANEL INSTALLATION AT THE WOMEN'S RECOVERY HOUSE,https://projects.propublica.org/nonprofits/full_text/202532549349101503/IRS990PF
The Ahmanson Foundation,2024,990-PF-XV,CALIFORNIA INSTITUTE OF TECHNOLOGY,,PASADENA,CA,150000,,,TOWARD RENOVATION OF A CLASSROOM,https://projects.propublica.org/nonprofits/full_text/202532549349101503/IRS990PF
The Ahmanson Foundation,2024,990-PF-XV,CANTWELL SACRED HEART OF MARY HS,,MONTEBELLO,CA,150000,,,FOR THE TECHNOLOGY UPGRADE PROJECT,https://projects.propublica.org/nonprofits/full_text/202532549349101503/IRS990PF
The Ahmanson Foundation,2024,990-PF-XV,CATHOLIC COMMUNITY FDN OF LA,,LOS ANGELES,CA,150000,,,TOWARD PRE-DEVELOPMENT AND SOFT COSTS OF WILLOW BROOK DEMONSTRATION SITE,https://projects.propublica.org/nonprofits/full_text/202532549349101503/IRS990PF
The Ahmanson Foundation,2024,990-PF-XV,CLIFFORD BEERS HOUSING INC,,NORTH HOLLYWOOD,CA,150000,,,FOR RENOVATIONS TO THE NEW OFFICE SPACE,https://projects.propublica.org/nonprofits/full_text/202532549349101503/IRS990PF
The Ahmanson Foundation,2024,990-PF-XV,CRAFT CONTEMPORARY,,LOS ANGELES,CA,150000,,,"TOWARD TECHNOLOGY, FURNITURE, AND SECURITY UPGRADES",https://projects.propublica.org/nonprofits/full_text/202532549349101503/IRS990PF
The Ahmanson Foundation,2024,990-PF-XV,DAVID AND MARGARET HOME INC,,LA VERNE,CA,150000,,,TOWARD SAFETY AND SECURITY UPGRADES,https://projects.propublica.org/nonprofits/full_text/202532549349101503/IRS990PF
The Ahmanson Foundation,2024,990-PF-XV,DESCANSO GARDENS FOUNDATION,,LA CANADA FLINTRIDGE,CA,150000,,,TOWARD ACQUISITION OF UTILITY CARTS,https://projects.propublica.org/nonprofits/full_text/202532549349101503/IRS990PF
The Ahmanson Foundation,2024,990-PF-XV,DOOR OF HOPE,,PASADENA,CA,150000,,,TOWARD RENOVATIONS AT THE CASA SHELTER TO INCREASE CAPACITY,https://projects.propublica.org/nonprofits/full_text/202532549349101503/IRS990PF
The Ahmanson Foundation,2024,990-PF-XV,EAST LOS ANGELES WOMENS CENTER,,LOS ANGELES,CA,150000,,,"FOR PHASE 3 PURCHASE OF TECHNOLOGY, FURNISHINGS, AND EQUIPMENT",https://projects.propublica.org/nonprofits/full_text/202532549349101503/IRS990PF
The Ahmanson Foundation,2024,990-PF-XV,EASTER SEALS SOUTHERN CALIFORNIA,,IRVINE,CA,150000,,,FOR RENOVATIONS AND UPGRADES TO THE SIERRA ROSE HOME,https://projects.propublica.org/nonprofits/full_text/202532549349101503/IRS990PF
The Ahmanson Foundation,2024,990-PF-XV,EDNOVATE INC,,LOS ANGELES,CA,150000,,,TOWARD FURNITURE FOR STEM CLASSROOMS AT EAST COLLEGE PREP,https://projects.propublica.org/nonprofits/full_text/202532549349101503/IRS990PF
The Ahmanson Foundation,2024,990-PF-XV,EXCELLENT EDUCATION DEVELOPMENT,,LOS ANGELES,CA,150000,,,TOWARD CONSULTING SERVICES AND REPLACEMENT TECHNOLOGY,https://projects.propublica.org/nonprofits/full_text/202532549349101503/IRS990PF
The Ahmanson Foundation,2024,990-PF-XV,FAMILY HEALTH CARE CTRS - GR LA,,COMMERCE,CA,150000,,,TOWARD THE ADDITION OF TWO DENTAL OPERATORIES AT THE BELL GARDENS FAMILY MEDICAL CENTER,https://projects.propublica.org/nonprofits/full_text/202532549349101503/IRS990PF
The Ahmanson Foundation,2024,990-PF-XV,FOODBANK OF SOUTHERN CALIFORNIA,,LONG BEACH,CA,150000,,,TOWARD INDUSTRIAL COLD STORAGE UNITS FOR THE SHAREHOUSE,https://projects.propublica.org/nonprofits/full_text/202532549349101503/IRS990PF
The Ahmanson Foundation,2024,990-PF-XV,FOOTHILL UNITY CENTER,,MONROVIA,CA,150000,,,TOWARD COMPLETION OF THE CAPITAL CAMPAIGN FOR THE MONROVIA LOCATION,https://projects.propublica.org/nonprofits/full_text/202532549349101503/IRS990PF
The Ahmanson Foundation,2024,990-PF-XV,INNER-CITY ARTS,,LOS ANGELES,CA,150000,,,TOWARD REPLACEMENT OF THE PERFORMING ARTS BUILDING'S HVAC,https://projects.propublica.org/nonprofits/full_text/202532549349101503/IRS990PF
The Ahmanson Foundation,2024,990-PF-XV,JAPANESE AMERICAN NATIONAL MUSEUM,,LOS ANGELES,CA,150000,,,TOWARD UPGRADES TO THE LIGHTING SYSTEM,https://projects.propublica.org/nonprofits/full_text/202532549349101503/IRS990PF
The Ahmanson Foundation,2024,990-PF-XV,LEGACY LA YOUTH DEVELOPMENT CORP,,LOS ANGELES,CA,150000,,,TOWARD ROOF REPAIRS AND HVAC INSTALLATION,https://projects.propublica.org/nonprofits/full_text/202532549349101503/IRS990PF
The Ahmanson Foundation,2024,990-PF-XV,LONG BEACH RESCUE MISSION,,LONG BEACH,CA,150000,,,TOWARD REPAIR AND RENOVATION OF THE WOMEN'S LYDIA HOUSE SHELTER,https://projects.propublica.org/nonprofits/full_text/202532549349101503/IRS990PF
The Ahmanson Foundation,2024,990-PF-XV,LOS ANGELES JEWISH HOME FOR AGING,,RESEDA,CA,150000,,,FOR REPLACEMENT OF POST-ACUTE BARIATRIC PATIENT BEDS AND ADDITIONAL VITAL SIGN MACHINES,https://projects.propublica.org/nonprofits/full_text/202532549349101503/IRS990PF
The Ahmanson Foundation,2024,990-PF-XV,LOS ANGELES POLICE FOUNDATION,,LOS ANGELES,CA,150000,,,TOWARD FACILITY UPGRADES AT LAPD COMMUNITY POLICE STATIONS,https://projects.propublica.org/nonprofits/full_text/202532549349101503/IRS990PF
The Ahmanson Foundation,2024,990-PF-XV,MARYCREST MANOR,,CULVER CITY,CA,150000,,,TOWARD REPLACING BATHTUBS WITH SHOWERS IN RESIDENT ROOMS,https://projects.propublica.org/nonprofits/full_text/202532549349101503/IRS990PF
The Ahmanson Foundation,2024,990-PF-XV,MIDNIGHT MISSION,,LOS ANGELES,CA,150000,,,TOWARD ACQUISITION OF A REFRIGERATED BOX TRUCK AND A PASSENGER VAN,https://projects.propublica.org/nonprofits/full_text/202532549349101503/IRS990PF
The Ahmanson Foundation,2024,990-PF-XV,MOUNT WILSON INSTITUTE,,PASADENA,CA,150000,,,TOWARD RENOVATION OF THE DORMITORY BUILDING,https://projects.propublica.org/nonprofits/full_text/202532549349101503/IRS990PF
The Ahmanson Foundation,2024,990-PF-XV,MOUNTAINS COMMUNITY HOSPITAL FDN,,LAKE ARROWHEAD,CA,150000,,,TOWARD NEW DEFIBRILLATORS AND A HANDS-FREE COMMUNICATION SYSTEM,https://projects.propublica.org/nonprofits/full_text/202532549349101503/IRS990PF
The Ahmanson Foundation,2024,990-PF-XV,SAINT MONICA CATHOLIC HIGH SCHOOL,,SANTA MONICA,CA,150000,,,TOWARD PLUMBING UPGRADES AND REPAIRS,https://projects.propublica.org/nonprofits/full_text/202532549349101503/IRS990PF
The Ahmanson Foundation,2024,990-PF-XV,SAVE THE MUSIC FOUNDATION,,LOS ANGELES,CA,150000,,,TOWARD INSTRUMENTS AND EQUIPMENT FOR SCHOOLS IN LOS ANGELES COUNTY,https://projects.propublica.org/nonprofits/full_text/202532549349101503/IRS990PF
The Ahmanson Foundation,2024,990-PF-XV,SHOES THAT FIT,,CLAREMONT,CA,150000,,,TOWARD AN UPGRADED WAREHOUSE MANAGEMENT SYSTEM AND CUSTOMIZED ORDER MANAGEMENT SYSTEM,https://projects.propublica.org/nonprofits/full_text/202532549349101503/IRS990PF
The Ahmanson Foundation,2024,990-PF-XV,SOC OF ST VINCENT DE PAUL COUNC,,LOS ANGELES,CA,150000,,,"TOWARD EARTHQUAKE RETROFITTING THE CARDINAL MANNING CENTER, PHASE 2",https://projects.propublica.org/nonprofits/full_text/202532549349101503/IRS990PF
The Ahmanson Foundation,2024,990-PF-XV,ST ANNES FAMILY SERVICES,,LOS ANGELES,CA,150000,,,TOWARD ROOF REPLACEMENT,https://projects.propublica.org/nonprofits/full_text/202532549349101503/IRS990PF
The Ahmanson Foundation,2024,990-PF-XV,ST FRANCIS HS OF LA CANADA FLIN,,LA CAADA,CA,150000,,,TOWARD REPLACEMENT OF THE GYM FLOOR,https://projects.propublica.org/nonprofits/full_text/202532549349101503/IRS990PF
The Ahmanson Foundation,2024,990-PF-XV,THE ACHIEVABLE FOUNDATION,,CULVER CITY,CA,150000,,,TOWARD RENOVATIONS TO THE NEW FACILITY,https://projects.propublica.org/nonprofits/full_text/202532549349101503/IRS990PF
The Ahmanson Foundation,2024,990-PF-XV,THE BEACON HOUSE ASSN OF SAN PEDRO,,SAN PEDRO,CA,150000,,,TOWARD EQUIPPING THE REMODELED BARTLETT CENTER KITCHEN,https://projects.propublica.org/nonprofits/full_text/202532549349101503/IRS990PF
The Ahmanson Foundation,2024,990-PF-XV,THE BRIDGESPAN GROUP INC,,BOSTON,MA,150000,,,TOWARD LEADING FOR IMPACT AND BRIDGESPAN LEADERSHIP ACCELERATOR PROGRAMS,https://projects.propublica.org/nonprofits/full_text/202532549349101503/IRS990PF
The Ahmanson Foundation,2024,990-PF-XV,THE CHRYSALIS CENTER,,LOS ANGELES,CA,150000,,,FOR PROJECT WORKSTREAM ENHANCEMENTS AT THE DOWNTOWN CENTER,https://projects.propublica.org/nonprofits/full_text/202532549349101503/IRS990PF
The Ahmanson Foundation,2024,990-PF-XV,THE HARMONY PROJECT,,LOS ANGELES,CA,150000,,,TOWARD CREATING ADA ACCESS TO THE NEW HEADQUARTERS,https://projects.propublica.org/nonprofits/full_text/202532549349101503/IRS990PF
The Ahmanson Foundation,2024,990-PF-XV,WEINGART CENTER ASSOCIATION,,LOS ANGELES,CA,150000,,,TOWARD INSTALLATION OF A CCTV SYSTEM,https://projects.propublica.org/nonprofits/full_text/202532549349101503/IRS990PF
The Ahmanson Foundation,2024,990-PF-XV,WESTERN JUSTICE CENTER FOUNDATION,,PASADENA,CA,150000,,,TOWARD PLUMBING AND HVAC UPGRADES,https://projects.propublica.org/nonprofits/full_text/202532549349101503/IRS990PF
The Ahmanson Foundation,2024,990-PF-XV,WESTSIDE JEWISH COMMUNITY CENTER,,LOS ANGELES,CA,150000,,,TOWARD ROOF DUCT REPAIR AND REINSTALLATION OF THE AUDITORIUM CEILING,https://projects.propublica.org/nonprofits/full_text/202532549349101503/IRS990PF
The Ahmanson Foundation,2024,990-PF-XV,WILDWOOD SCHOOL INC,,LOS ANGELES,CA,150000,,,TOWARD RENOVATION OF THE ELEMENTARY SCHOOL LIBRARY,https://projects.propublica.org/nonprofits/full_text/202532549349101503/IRS990PF
The Ahmanson Foundation,2024,990-PF-XV,WILLOWS COMMUNITY SCHOOL,,CULVER CITY,CA,150000,,,TOWARD IMPROVEMENTS TO THE THEATER,https://projects.propublica.org/nonprofits/full_text/202532549349101503/IRS990PF
The Ahmanson Foundation,2024,990-PF-XV,SOUTHERN CALIFORNIA PUBLIC RADIO,,PASADENA,CA,148000,,,FOR UPGRADE OF THE STUDIO INTERCOM SYSTEM,https://projects.propublica.org/nonprofits/full_text/202532549349101503/IRS990PF
The Ahmanson Foundation,2024,990-PF-XV,BRIDGE TO HOME SCV,,SANTA CLARITA,CA,146400,,,FOR FINAL CAPITAL NEEDS FOR THE NEW SHELTER,https://projects.propublica.org/nonprofits/full_text/202532549349101503/IRS990PF
The Ahmanson Foundation,2024,990-PF-XV,LA COMPOST,,LOS ANGELES,CA,146000,,,FOR ACQUISITION OF A MOBILE EV CLASSROOM AND VEHICLE WRAPPING,https://projects.propublica.org/nonprofits/full_text/202532549349101503/IRS990PF
The Ahmanson Foundation,2024,990-PF-XV,ALL PEOPLES COMMUNITY CENTER,,LOS ANGELES,CA,140000,,,FOR TECHNOLOGY INFRASTRUCTURE UPGRADES AND EQUIPMENT,https://projects.propublica.org/nonprofits/full_text/202532549349101503/IRS990PF
The Ahmanson Foundation,2024,990-PF-XV,ANGELS GATE CULTURAL CENTER INC,,SAN PEDRO,CA,140000,,,FOR INSTALLATION OF 16 REPLACEMENT DOORS ON SEVEN BUILDINGS,https://projects.propublica.org/nonprofits/full_text/202532549349101503/IRS990PF
The Ahmanson Foundation,2024,990-PF-XV,LINCOLN TRG CTR & REHAB WORKSHOP,,SOUTH EL MONTE,CA,140000,,,FOR TWO 10-PASSENGER VANS,https://projects.propublica.org/nonprofits/full_text/202532549349101503/IRS990PF
The Ahmanson Foundation,2024,990-PF-XV,BOYS & GIRLS CLUB OF WEST SGV,,MONTEREY PARK,CA,138700,,,FOR A 25-PASSENGER BUS AND LOGO WRAP,https://projects.propublica.org/nonprofits/full_text/202532549349101503/IRS990PF
The Ahmanson Foundation,2024,990-PF-XV,FULFILLMENT FUND,,LOS ANGELES,CA,138500,,,TOWARD RENOVATIONS AT THE NEW OFFICE AND RELOCATION EXPENSES,https://projects.propublica.org/nonprofits/full_text/202532549349101503/IRS990PF
The Ahmanson Foundation,2024,990-PF-XV,PARTNERSHIP FOR LOS ANGELES SCHOOLS,,LOS ANGELES,CA,137500,,,TOWARD FURNITURE AND TECHNOLOGY FOR THE NEW HEADQUARTERS,https://projects.propublica.org/nonprofits/full_text/202532549349101503/IRS990PF
The Ahmanson Foundation,2024,990-PF-XV,ALCOHOLISM CENTER FOR WOMEN INC,,LOS ANGELES,CA,137000,,,FOR CAPITAL NEEDS,https://projects.propublica.org/nonprofits/full_text/202532549349101503/IRS990PF
The Ahmanson Foundation,2024,990-PF-XV,CITIZENS OF THE WORLD CHRTR SCHS,,LOS ANGELES,CA,136000,,,"TOWARD FURNITURE, FIXTURES, AND EQUIPMENT FOR THE MAR VISTA MIDDLE SCHOOL CAMPUS",https://projects.propublica.org/nonprofits/full_text/202532549349101503/IRS990PF
The Ahmanson Foundation,2024,990-PF-XV,FOOD FORWARD INC,,NORTH HOLLYWOOD,CA,134400,,,FOR ACQUISITION OF AN ELECTRIC REFRIGERATED TRAILER AND ELECTRIC PALLET RIDER JACK,https://projects.propublica.org/nonprofits/full_text/202532549349101503/IRS990PF
The Ahmanson Foundation,2024,990-PF-XV,YMCA OF METROPOLITAN LOS ANGELES,,LOS ANGELES,CA,131700,,,FOR REPLACEMENT OF THE SECURITY CAMERA SYSTEM AND EXTERIOR PAINT FOR THE NORTH VALLEY FAMILY YMCA,https://projects.propublica.org/nonprofits/full_text/202532549349101503/IRS990PF
The Ahmanson Foundation,2024,990-PF-XV,PENNY LANE CENTERS,,NORTH HOLLYWOOD,CA,130000,,,TOWARD MOVE-IN PACKAGES,https://projects.propublica.org/nonprofits/full_text/202532549349101503/IRS990PF
The Ahmanson Foundation,2024,990-PF-XV,MANNA CONEJO VALLEY FOOD DIST CTR,,THOUSAND OAKS,CA,129000,,,FOR INSTALLATION OF SOLAR PANELS,https://projects.propublica.org/nonprofits/full_text/202532549349101503/IRS990PF
The Ahmanson Foundation,2024,990-PF-XV,COMMUNITY PARTNERS,,LOS ANGELES,CA,127000,,,FOR NEW EQUIPMENT AND TECHNOLOGY,https://projects.propublica.org/nonprofits/full_text/202532549349101503/IRS990PF
The Ahmanson Foundation,2024,990-PF-XV,COVENANT HOUSE CALIFORNIA,,LOS ANGELES,CA,125000,,,FOR ROOF REPAIRS AT THE HOLLYWOOD CAMPUS,https://projects.propublica.org/nonprofits/full_text/202532549349101503/IRS990PF
The Ahmanson Foundation,2024,990-PF-XV,MUSE-IQUE,,PASADENA,CA,125000,,,TOWARD CREATION OF ORCHESTRATIONS AND ARRANGEMENTS,https://projects.propublica.org/nonprofits/full_text/202532549349101503/IRS990PF
The Ahmanson Foundation,2024,990-PF-XV,THE GOODEN CENTER,,PASADENA,CA,125000,,,TOWARD RESTORATION OF THE EXTERIOR OF THE BISHOP GOODEN HOME,https://projects.propublica.org/nonprofits/full_text/202532549349101503/IRS990PF
The Ahmanson Foundation,2024,990-PF-XV,THRIVE SCHOLARS,,LOS ANGELES,CA,125000,,,TOWARD EXPANSION OF THE SCHOLAR PORTAL,https://projects.propublica.org/nonprofits/full_text/202532549349101503/IRS990PF
The Ahmanson Foundation,2024,990-PF-XV,NATIONAL DISASTER SEARCH DOG FDN,,SANTA PAULA,CA,120000,,,FOR CREATION OF A SECOND FENCED TRAINING YARD,https://projects.propublica.org/nonprofits/full_text/202532549349101503/IRS990PF
The Ahmanson Foundation,2024,990-PF-XV,LOS ANGELES BALLET INC,,LOS ANGELES,CA,117000,,,FOR A BOX TRUCK,https://projects.propublica.org/nonprofits/full_text/202532549349101503/IRS990PF
The Ahmanson Foundation,2024,990-PF-XV,LONG BEACH MUSEUM OF ART FOUNDATION,,LONG BEACH,CA,116000,,,TOWARD REPAIRS AND RESTORATION OF THE CARRIAGE HOUSE,https://projects.propublica.org/nonprofits/full_text/202532549349101503/IRS990PF
The Ahmanson Foundation,2024,990-PF-XV,ANTHESIS SERVICES,,ONTARIO,CA,115600,,,FOR ACQUISITION OF TWO PASSENGER VANS,https://projects.propublica.org/nonprofits/full_text/202532549349101503/IRS990PF
The Ahmanson Foundation,2024,990-PF-XV,RANCHO SANTA ANA BOTANIC GARDEN,,CLAREMONT,CA,115000,,,FOR INSTALLATION OF AN ELEVATOR IN THE ADMINISTRATION & SCIENCE BUILDING,https://projects.propublica.org/nonprofits/full_text/202532549349101503/IRS990PF
The Ahmanson Foundation,2024,990-PF-XV,LANCASTER HOMELESS GROUP,,LANCASTER,CA,114300,,,FOR NEW EQUIPMENT FOR THE COFFEE ROASTING SOCIAL ENTERPRISE,https://projects.propublica.org/nonprofits/full_text/202532549349101503/IRS990PF
The Ahmanson Foundation,2024,990-PF-XV,VALLEY VILLAGE,,WINNETKA,CA,113000,,,FOR ACQUISITION AND INSTALLATION OF 12 CLIENT CEILING LIFTS AT 3 PROPERTIES,https://projects.propublica.org/nonprofits/full_text/202532549349101503/IRS990PF
The Ahmanson Foundation,2024,990-PF-XV,ALTADENA MOUNTAIN RESCUE TEAM,,ALTADENA,CA,111300,,,FOR ACQUISITION OF A REPLACEMENT CUSTOM SEARCH AND RESCUE TRUCK,https://projects.propublica.org/nonprofits/full_text/202532549349101503/IRS990PF
The Ahmanson Foundation,2024,990-PF-XV,WHITTIER AREA FIRST DAY COALITION,,WHITTIER,CA,111000,,,FOR ROOF REPLACEMENT AT FIRST DAY HOUSING CENTER,https://projects.propublica.org/nonprofits/full_text/202532549349101503/IRS990PF
The Ahmanson Foundation,2024,990-PF-XV,COALITION TO ABOLISH SLVY & TRAF,,LOS ANGELES,CA,110000,,,FOR WEBSITE AND BRANDING REDESIGN,https://projects.propublica.org/nonprofits/full_text/202532549349101503/IRS990PF
The Ahmanson Foundation,2024,990-PF-XV,THE CENTER IN HOLLYWOOD,,LOS ANGELES,CA,109000,,,FOR TECHNOLOGY UPGRADES,https://projects.propublica.org/nonprofits/full_text/202532549349101503/IRS990PF
The Ahmanson Foundation,2024,990-PF-XV,SIERRA MADRE PLAYHOUSE,,SIERRA MADRE,CA,108000,,,FOR NEW AUDIO AND LIGHTING SYSTEMS,https://projects.propublica.org/nonprofits/full_text/202532549349101503/IRS990PF
The Ahmanson Foundation,2024,990-PF-XV,PORT OF LOS ANGELES HIGH SCHOOL,,SAN PEDRO,CA,106500,,,FOR INSTALLATION OF A DIGITAL MARQUEE,https://projects.propublica.org/nonprofits/full_text/202532549349101503/IRS990PF
The Ahmanson Foundation,2024,990-PF-XV,A NOISE WITHIN,,PASADENA,CA,105000,,,TOWARD BACKSTAGE EQUIPMENT AND STAGE TECHNOLOGY UPGRADES,https://projects.propublica.org/nonprofits/full_text/202532549349101503/IRS990PF
The Ahmanson Foundation,2024,990-PF-XV,HAYNES FAMILY OF PROGRAMS,,LA VERNE,CA,105000,,,FOR EXPANSION OF THE PARKING LOT,https://projects.propublica.org/nonprofits/full_text/202532549349101503/IRS990PF
The Ahmanson Foundation,2024,990-PF-XV,LOS ANGELES LGBT CENTER,,LOS ANGELES,CA,105000,,,PARTIAL REPL. OF FLOORING AND WINDOWS IN THE TRIANGLE SQ. AFFORDABLE HOUSING COMPLEX FOR SENIORS,https://projects.propublica.org/nonprofits/full_text/202532549349101503/IRS990PF
The Ahmanson Foundation,2024,990-PF-XV,SPECIAL NEEDS NETWORK INC,,LOS ANGELES,CA,105000,,,TOWARD EQUIPMENT AND FURNISHINGS FOR THE TECH SPACE AT THE CENTER FOR AUTISM AND DEV. DISABILITIES,https://projects.propublica.org/nonprofits/full_text/202532549349101503/IRS990PF
The Ahmanson Foundation,2024,990-PF-XV,SOUTHERN CALIFORNIA COUNSELING CTR,,LOS ANGELES,CA,102300,,,FOR EHR UPGRADES,https://projects.propublica.org/nonprofits/full_text/202532549349101503/IRS990PF
The Ahmanson Foundation,2024,990-PF-XV,ONEGENERATION,,VAN NUYS,CA,102000,,,FOR THE CHILDCARE CLASSROOM MODIFICATION PROJECT AT THE VAN NUYS SITE,https://projects.propublica.org/nonprofits/full_text/202532549349101503/IRS990PF
The Ahmanson Foundation,2024,990-PF-XV,YOUTH MENTORING CONNECTION,,LOS ANGELES,CA,102000,,,ADDITIONAL SUPPORT TOWARD THE YMC URBAN OASIS/REMODEL PROJECT,https://projects.propublica.org/nonprofits/full_text/202532549349101503/IRS990PF
The Ahmanson Foundation,2024,990-PF-XV,KARSH FAMILY SOCIAL SERVICE CENTER,,LOS ANGELES,CA,100900,,,FOR ACQUISITION OF A REFRIGERATED VAN FOR KARSH WEST,https://projects.propublica.org/nonprofits/full_text/202532549349101503/IRS990PF
The Ahmanson Foundation,2024,990-PF-XV,ATHERTON BAPTIST HOMES,,ALHAMBRA,CA,100000,,,TOWARD REPLACEMENT OF FLOORING IN THE SKILLED NURSING FACILITY,https://projects.propublica.org/nonprofits/full_text/202532549349101503/IRS990PF
The Ahmanson Foundation,2024,990-PF-XV,COMMUNITY FAMILY GUIDANCE CENTER,,CERRITOS,CA,100000,,,TOWARD TECHNOLOGY UPGRADES,https://projects.propublica.org/nonprofits/full_text/202532549349101503/IRS990PF
The Ahmanson Foundation,2024,990-PF-XV,EAST L A COMMUNITY CORPORATION,,LOS ANGELES,CA,100000,,,TOWARD EQUIPPING AND RETROFITTING LORENA TERRACE APARTMENTS TO BE FULLY ELECTRIC,https://projects.propublica.org/nonprofits/full_text/202532549349101503/IRS990PF
The Ahmanson Foundation,2024,990-PF-XV,KOREATOWN YOUTH AND COMMUNITY CTR,,LOS ANGELES,CA,100000,,,FOR RENOVATION AND EXPANSION OF THE 4TH FLOOR OF THE KOA BUILDING,https://projects.propublica.org/nonprofits/full_text/202532549349101503/IRS990PF
The Ahmanson Foundation,2024,990-PF-XV,MUSEUM OF JURASSIC TECHNOLOGY,,CULVER CITY,CA,100000,,,TOWARD CONSTRUCTION OF GALLERY SPACES AND EQUIPMENT FOR A NEW PERMANENT EXHIBIT,https://projects.propublica.org/nonprofits/full_text/202532549349101503/IRS990PF
The Ahmanson Foundation,2024,990-PF-XV,PARENT INSTITUTE FOR QUALITY EDUC,,NATIONAL CITY,CA,100000,,,"OVER TWO YEARS, FOR THE TEACHER WORKSHOP FOR EFFECTIVE PARENT ENGAGEMENT IN LOS ANGELES",https://projects.propublica.org/nonprofits/full_text/202532549349101503/IRS990PF
The Ahmanson Foundation,2024,990-PF-XV,POMONA COMMUNITY HEALTH CENTER,,POMONA,CA,100000,,,TOWARD PHYSICAL AND ONLINE SECURITY SYSTEM UPGRADES,https://projects.propublica.org/nonprofits/full_text/202532549349101503/IRS990PF
The Ahmanson Foundation,2024,990-PF-XV,ST JOSEPHS CATHOLIC CHURCH,,LONG BEACH,CA,100000,,,TOWARD RENOVATION OF FR. MARTIN HALL,https://projects.propublica.org/nonprofits/full_text/202532549349101503/IRS990PF
The Ahmanson Foundation,2024,990-PF-XV,WISE READERS TO LEADERS,,LOS ANGELES,CA,100000,,,TOWARD CRM SOFTWARE AND TECHNOLOGY,https://projects.propublica.org/nonprofits/full_text/202532549349101503/IRS990PF
The Ahmanson Foundation,2024,990-PF-XV,ZOCALO PUBLIC SQUARE,,LOS ANGELES,CA,100000,,,TOWARD WEBSITE REDESIGN AND UPDATED BRANDING,https://projects.propublica.org/nonprofits/full_text/202532549349101503/IRS990PF
The Ahmanson Foundation,2024,990-PF-XV,ALEXANDRIA HOUSE,,LOS ANGELES,CA,99953,,,FOR ACQUISITION OF A CLIENT TRANSPORTATION VEHICLE AND REPLACEMENT PICKUP TRUCK,https://projects.propublica.org/nonprofits/full_text/202532549349101503/IRS990PF
The Ahmanson Foundation,2024,990-PF-XV,TIERRA DEL SOL FOUNDATION,,SUNLAND,CA,99600,,,FOR ASPHALT REPAIR AND REPLACEMENT,https://projects.propublica.org/nonprofits/full_text/202532549349101503/IRS990PF
The Ahmanson Foundation,2024,990-PF-XV,SALESIAN FAMILY YOUTH CENTER,,LOS ANGELES,CA,99000,,,FOR TWO YOUTH TRANSPORT VANS,https://projects.propublica.org/nonprofits/full_text/202532549349101503/IRS990PF
The Ahmanson Foundation,2024,990-PF-XV,COMMUNITY LEGAL AID SOCAL,,SANTA ANA,CA,98500,,,FOR ROOF AND FLOOR REPAIRS AT THE COMPTON OFFICE,https://projects.propublica.org/nonprofits/full_text/202532549349101503/IRS990PF
The Ahmanson Foundation,2024,990-PF-XV,ART SHARE LOS ANGELES INC,,LOS ANGELES,CA,97000,,,TOWARD REPAIR OF 10 AFFORDABLE ARTISTS LOFTS AND ONE RESIDENT MANAGER LOFT,https://projects.propublica.org/nonprofits/full_text/202532549349101503/IRS990PF
The Ahmanson Foundation,2024,990-PF-XV,ST MATTHIAS HIGH SCHOOL,,DOWNEY,CA,94000,,,"FOR LAPTOPS, SOFTWARE, AND ACCESSORIES FOR FACULTY AND STAFF",https://projects.propublica.org/nonprofits/full_text/202532549349101503/IRS990PF
The Ahmanson Foundation,2024,990-PF-XV,AMERICAN INDIAN COLLEGE FUND,,DENVER,CO,90000,,,"SCHOLARSHIP SUPPORT, 2024-2025",https://projects.propublica.org/nonprofits/full_text/202532549349101503/IRS990PF
The Ahmanson Foundation,2024,990-PF-XV,ART CENTER COLLEGE OF DESIGN,,PASADENA,CA,90000,,,"SCHOLARSHIP SUPPORT, 2024-2025",https://projects.propublica.org/nonprofits/full_text/202532549349101503/IRS990PF
The Ahmanson Foundation,2024,990-PF-XV,AZUSA PACIFIC UNIVERSITY,,AZUSA,CA,90000,,,"SCHOLARSHIP SUPPORT, 2024-2025",https://projects.propublica.org/nonprofits/full_text/202532549349101503/IRS990PF
The Ahmanson Foundation,2024,990-PF-XV,BIOLA UNIVERSITY INC,,LA MIRADA,CA,90000,,,"SCHOLARSHIP SUPPORT, 2024-2025",https://projects.propublica.org/nonprofits/full_text/202532549349101503/IRS990PF
The Ahmanson Foundation,2024,990-PF-XV,CALIFORNIA INSTITUTE OF TECHNOLOGY,,PASADENA,CA,90000,,,"SCHOLARSHIP SUPPORT, 2024-2025",https://projects.propublica.org/nonprofits/full_text/202532549349101503/IRS990PF
The Ahmanson Foundation,2024,990-PF-XV,CALIFORNIA LUTHERAN UNIVERSITY,,THOUSAND OAKS,CA,90000,,,"SCHOLARSHIP SUPPORT, 2024-2025",https://projects.propublica.org/nonprofits/full_text/202532549349101503/IRS990PF
The Ahmanson Foundation,2024,990-PF-XV,CHAPMAN UNIVERSITY,,ORANGE,CA,90000,,,"SCHOLARSHIP SUPPORT, 2024-2025",https://projects.propublica.org/nonprofits/full_text/202532549349101503/IRS990PF
The Ahmanson Foundation,2024,990-PF-XV,CLAREMONT GRADUATE UNIVERSITY,,CLAREMONT,CA,90000,,,"SCHOLARSHIP SUPPORT, 2024-2025",https://projects.propublica.org/nonprofits/full_text/202532549349101503/IRS990PF
The Ahmanson Foundation,2024,990-PF-XV,CLAREMONT MCKENNA COLLEGE,,CLAREMONT,CA,90000,,,"SCHOLARSHIP SUPPORT, 2024-2025",https://projects.propublica.org/nonprofits/full_text/202532549349101503/IRS990PF
The Ahmanson Foundation,2024,990-PF-XV,CREIGHTON UNIVERSITY,,OMAHA,NE,90000,,,"SCHOLARSHIP SUPPORT, 2024-2025",https://projects.propublica.org/nonprofits/full_text/202532549349101503/IRS990PF
The Ahmanson Foundation,2024,990-PF-XV,HARVEY MUDD COLLEGE,,CLAREMONT,CA,90000,,,"SCHOLARSHIP SUPPORT, 2024-2025",https://projects.propublica.org/nonprofits/full_text/202532549349101503/IRS990PF
The Ahmanson Foundation,2024,990-PF-XV,LOYOLA MARYMOUNT UNIVERSITY,,LOS ANGELES,CA,90000,,,"SCHOLARSHIP SUPPORT, 2024-2025",https://projects.propublica.org/nonprofits/full_text/202532549349101503/IRS990PF
The Ahmanson Foundation,2024,990-PF-XV,MOUNT SAINT MARY'S UNIVERSITY,,LOS ANGELES,CA,90000,,,"SCHOLARSHIP SUPPORT, 2024-2025",https://projects.propublica.org/nonprofits/full_text/202532549349101503/IRS990PF
The Ahmanson Foundation,2024,990-PF-XV,NEBRASKA WESLEYAN UNIVERSITY,,LINCOLN,NE,90000,,,"SCHOLARSHIP SUPPORT, 2024-2025",https://projects.propublica.org/nonprofits/full_text/202532549349101503/IRS990PF
The Ahmanson Foundation,2024,990-PF-XV,OCCIDENTAL COLLEGE,,LOS ANGELES,CA,90000,,,"SCHOLARSHIP SUPPORT, 2024-2025",https://projects.propublica.org/nonprofits/full_text/202532549349101503/IRS990PF
The Ahmanson Foundation,2024,990-PF-XV,OTIS COLLEGE OF ART AND DESIGN,,LOS ANGELES,CA,90000,,,"SCHOLARSHIP SUPPORT, 2024-2025",https://projects.propublica.org/nonprofits/full_text/202532549349101503/IRS990PF
The Ahmanson Foundation,2024,990-PF-XV,PEPPERDINE UNIVERSITY,,MALIBU,CA,90000,,,"SCHOLARSHIP SUPPORT, 2024-2025",https://projects.propublica.org/nonprofits/full_text/202532549349101503/IRS990PF
The Ahmanson Foundation,2024,990-PF-XV,PITZER COLLEGE,,CLAREMONT,CA,90000,,,"SCHOLARSHIP SUPPORT, 2024-2025",https://projects.propublica.org/nonprofits/full_text/202532549349101503/IRS990PF
The Ahmanson Foundation,2024,990-PF-XV,POMONA COLLEGE,,CLAREMONT,CA,90000,,,"SCHOLARSHIP SUPPORT, 2024-2025",https://projects.propublica.org/nonprofits/full_text/202532549349101503/IRS990PF
The Ahmanson Foundation,2024,990-PF-XV,SANTA CECILIA OPERA AND ORCH ASSN,,LOS ANGELES,CA,90000,,,TOWARD EQUIPPING THE EXPANDED SANTA CECILIA ARTS AND LEARNING CENTER,https://projects.propublica.org/nonprofits/full_text/202532549349101503/IRS990PF
The Ahmanson Foundation,2024,990-PF-XV,SCRIPPS COLLEGE,,CLAREMONT,CA,90000,,,"SCHOLARSHIP SUPPORT, 2024-2025",https://projects.propublica.org/nonprofits/full_text/202532549349101503/IRS990PF
The Ahmanson Foundation,2024,990-PF-XV,UNIVERSITY OF LA VERNE,,LA VERNE,CA,90000,,,"SCHOLARSHIP SUPPORT, 2024-2025",https://projects.propublica.org/nonprofits/full_text/202532549349101503/IRS990PF
The Ahmanson Foundation,2024,990-PF-XV,UNIVERSITY OF REDLANDS,,REDLANDS,CA,90000,,,"SCHOLARSHIP SUPPORT, 2024-2025",https://projects.propublica.org/nonprofits/full_text/202532549349101503/IRS990PF
The Ahmanson Foundation,2024,990-PF-XV,UNIVERSITY OF SAN DIEGO,,SAN DIEGO,CA,90000,,,"SCHOLARSHIP SUPPORT, 2024-2025",https://projects.propublica.org/nonprofits/full_text/202532549349101503/IRS990PF
The Ahmanson Foundation,2024,990-PF-XV,WESTMONT COLLEGE,,SANTA BARBARA,CA,90000,,,"SCHOLARSHIP SUPPORT, 2024-2025",https://projects.propublica.org/nonprofits/full_text/202532549349101503/IRS990PF
The Ahmanson Foundation,2024,990-PF-XV,WHITTIER COLLEGE,,WHITTIER,CA,90000,,,"SCHOLARSHIP SUPPORT, 2024-2025",https://projects.propublica.org/nonprofits/full_text/202532549349101503/IRS990PF
The Ahmanson Foundation,2024,990-PF-XV,HOUSING WORKS,,LOS ANGELES,CA,89500,,,TOWARD A VAN FOR FOOD DISTRIBUTION AND A CAR FOR CLIENT TRANSPORTATION,https://projects.propublica.org/nonprofits/full_text/202532549349101503/IRS990PF
The Ahmanson Foundation,2024,990-PF-XV,THEATRE AT BOSTON COURT,,PASADENA,CA,88000,,,FOR AUDIO EQUIPMENT UPGRADES,https://projects.propublica.org/nonprofits/full_text/202532549349101503/IRS990PF
The Ahmanson Foundation,2024,990-PF-XV,CONSTITUTIONAL RIGHTS FOUNDATION,,LOS ANGELES,CA,87800,,,TOWARD WEBSITE REDESIGN AND SIGNAGE UPDATES,https://projects.propublica.org/nonprofits/full_text/202532549349101503/IRS990PF
The Ahmanson Foundation,2024,990-PF-XV,HARRIETT BUHAI CENTER FOR FAM LAW,,LOS ANGELES,CA,87000,,,FOR UPGRADED TECHNOLOGY,https://projects.propublica.org/nonprofits/full_text/202532549349101503/IRS990PF
The Ahmanson Foundation,2024,990-PF-XV,SAFE PARKING LA,,LOS ANGELES,CA,85000,,,FOR SOFTWARE UPGRADES,https://projects.propublica.org/nonprofits/full_text/202532549349101503/IRS990PF
The Ahmanson Foundation,2024,990-PF-XV,SHELTER PARTNERSHIP INC,,LOS ANGELES,CA,84500,,,FOR ACQUISITION OF A BOX TRUCK FOR THE SHELTER RESOURCE BANK PROGRAM,https://projects.propublica.org/nonprofits/full_text/202532549349101503/IRS990PF
The Ahmanson Foundation,2024,990-PF-XV,SOUTH ASIAN NETWORK INC,,ARTESIA,CA,83500,,,FOR A 10-PASSENGER VAN FOR CLIENT TRANSPORTATION AND VEHICLE WRAP,https://projects.propublica.org/nonprofits/full_text/202532549349101503/IRS990PF
The Ahmanson Foundation,2024,990-PF-XV,AMERICAN CONTEMPORARY BALLET INC,,LOS ANGELES,CA,83000,,,FOR NEW DANCE FLOORS,https://projects.propublica.org/nonprofits/full_text/202532549349101503/IRS990PF
The Ahmanson Foundation,2024,990-PF-XV,SAVING INNOCENCE INC,,LOS ANGELES,CA,82000,,,"TOWARD ACQUISITION OF TECHNOLOGY, EQUIPMENT, AND FURNISHINGS",https://projects.propublica.org/nonprofits/full_text/202532549349101503/IRS990PF
The Ahmanson Foundation,2024,990-PF-XV,MAR VISTA FAMILY CENTER,,CULVER CITY,CA,81300,,,FOR CAMPUS REPAIRS AND RENOVATIONS,https://projects.propublica.org/nonprofits/full_text/202532549349101503/IRS990PF
The Ahmanson Foundation,2024,990-PF-XV,FLORENCE CRITTENTON SVCS OF OC,,FULLERTON,CA,80000,,,TOWARD NEW SERVERS AND NETWORK INFRASTRUCTURE UPGRADES,https://projects.propublica.org/nonprofits/full_text/202532549349101503/IRS990PF
The Ahmanson Foundation,2024,990-PF-XV,LAS FAMILIAS DEL PUEBLO,,LOS ANGELES,CA,80000,,,TOWARD THE PURCHASE OF SOLAR PANELS,https://projects.propublica.org/nonprofits/full_text/202532549349101503/IRS990PF
The Ahmanson Foundation,2024,990-PF-XV,ARTS FOR L A,,WEST COVINA,CA,79400,,,"FOR ACQUISITION OF TECHNOLOGY, EQUIPMENT, AND WEBSITE UPGRADES",https://projects.propublica.org/nonprofits/full_text/202532549349101503/IRS990PF
The Ahmanson Foundation,2024,990-PF-XV,FLORICANTO DANCE THEATRE,,LOS ANGELES,CA,78500,,,FOR CONSTRUCTION OF AN ADA COMPLIANT RESTROOM AND A STORAGE UNIT,https://projects.propublica.org/nonprofits/full_text/202532549349101503/IRS990PF
The Ahmanson Foundation,2024,990-PF-XV,YOUNG STORYTELLERS FOUNDATION,,LOS ANGELES,CA,77500,,,FOR UPDATED BRANDING AND MARKETING MATERIALS AND WEBSITE UPGRADES,https://projects.propublica.org/nonprofits/full_text/202532549349101503/IRS990PF
The Ahmanson Foundation,2024,990-PF-XV,COMMUNITY PARTNERS,,LOS ANGELES,CA,75000,,,TOWARD PROGRAM SUPPORT FOR TEENTIX LA,https://projects.propublica.org/nonprofits/full_text/202532549349101503/IRS990PF
The Ahmanson Foundation,2024,990-PF-XV,FOOD FINDERS INC,,LOS ALAMITOS,CA,75000,,,TOWARD ACQUISITION OF A REPLACEMENT REFRIGERATED TRUCK,https://projects.propublica.org/nonprofits/full_text/202532549349101503/IRS990PF
The Ahmanson Foundation,2024,990-PF-XV,LOS ANGELES CENTER OF PHOTOGRAPHY,,LOS ANGELES,CA,75000,,,FOR EQUIPPING THE NEW LOCATION,https://projects.propublica.org/nonprofits/full_text/202532549349101503/IRS990PF
The Ahmanson Foundation,2024,990-PF-XV,PEPPERDINE UNIVERSITY,,MALIBU,CA,75000,,,"FOR THE AHMANSON VETERANS SCHOLARSHIP INITIATIVE, 2024-2025",https://projects.propublica.org/nonprofits/full_text/202532549349101503/IRS990PF
The Ahmanson Foundation,2024,990-PF-XV,UNIVERSITY OF SOUTHERN CALIFORNIA,,LOS ANGELES,CA,75000,,,"FOR THE AHMANSON VETERANS SCHOLARSHIP INITIATIVE, 2024-2025",https://projects.propublica.org/nonprofits/full_text/202532549349101503/IRS990PF
The Ahmanson Foundation,2024,990-PF-XV,KIDS COMMUNITY CLINIC OF BURBANK,,BURBANK,CA,74500,,,"FOR CLINIC UPGRADES AND NEW SOFTWARE, ALONG WITH REPLACEMENT DENTAL EQUIPMENT AND HVAC",https://projects.propublica.org/nonprofits/full_text/202532549349101503/IRS990PF
The Ahmanson Foundation,2024,990-PF-XV,MCKINLEY CHILDRENS CENTER INC,,SAN DIMAS,CA,72000,,,FOR CREATION OF A WALKING PATH AT THE SAN DIMAS CAMPUS,https://projects.propublica.org/nonprofits/full_text/202532549349101503/IRS990PF
The Ahmanson Foundation,2024,990-PF-XV,HEALTHRIGHT 360,,SAN FRANCISCO,CA,70500,,,FOR ROOF REPLACEMENT AT THE PROTOTYPES POMONA RESIDENTIAL TREATMENT FACILITY,https://projects.propublica.org/nonprofits/full_text/202532549349101503/IRS990PF
The Ahmanson Foundation,2024,990-PF-XV,PARAMOUNT CARE FOUNDATION,,PARAMOUNT,CA,70000,,,FOR CREATION OF A MULTI-PURPOSE DANCE AND ACTIVITY CLASSROOM,https://projects.propublica.org/nonprofits/full_text/202532549349101503/IRS990PF
The Ahmanson Foundation,2024,990-PF-XV,WOMEN'S CENTER FOR CREATIVE WORK,,LOS ANGELES,CA,69700,,,FOR FURNITURE AND A/V EQUIPMENT FOR THE NEW LOCATION,https://projects.propublica.org/nonprofits/full_text/202532549349101503/IRS990PF
The Ahmanson Foundation,2024,990-PF-XV,INLAND VLY DRUG & ALC RECV SVCS,,UPLAND,CA,69200,,,FOR A HYBRID CLIENT TRANSPORT VEHICLE,https://projects.propublica.org/nonprofits/full_text/202532549349101503/IRS990PF
The Ahmanson Foundation,2024,990-PF-XV,SPIRIT SERIES INC,,SANTA MONICA,CA,67500,,,TOWARD DEVELOPMENT OF THE ONLINE LEARNING MANAGEMENT SYSTEM,https://projects.propublica.org/nonprofits/full_text/202532549349101503/IRS990PF
The Ahmanson Foundation,2024,990-PF-XV,YOUNG EISNER SCHOLARS,,INGLEWOOD,CA,67500,,,FOR ACQUISITION OF A 10-PASSENGER VAN,https://projects.propublica.org/nonprofits/full_text/202532549349101503/IRS990PF
The Ahmanson Foundation,2024,990-PF-XV,CASA COLINA HOSP AND CTRS FOR HC,,POMONA,CA,66400,,,FOR ACQUISITION OF THREE ENVIRONMENTAL CONTROL UNITS AND EYE TRACKING DEVICES,https://projects.propublica.org/nonprofits/full_text/202532549349101503/IRS990PF
The Ahmanson Foundation,2024,990-PF-XV,BITHIAHS FAMILY SERVICES,,CHINO,CA,65000,,,FOR TECHNOLOGY UPGRADES,https://projects.propublica.org/nonprofits/full_text/202532549349101503/IRS990PF
The Ahmanson Foundation,2024,990-PF-XV,THE OTHER SIDE OF THE HILL PRODS,,NORTH HOLLYWOOD,CA,62500,,,FOR A SUPERTITLES SYSTEM AND THEATER REPAIRS,https://projects.propublica.org/nonprofits/full_text/202532549349101503/IRS990PF
The Ahmanson Foundation,2024,990-PF-XV,A STEP TO FREEDOM,,LOS ANGELES,CA,60800,,,FOR ACQUISITION OF A TRUCK USED FOR CLIENT AND SUPPLIES TRANSPORTATION,https://projects.propublica.org/nonprofits/full_text/202532549349101503/IRS990PF
The Ahmanson Foundation,2024,990-PF-XV,GET LIT WORDS IGNITE INC,,LOS ANGELES,CA,60500,,,FOR ACQUISITION OF FURNISHINGS AND PROGRAMMING EQUIPMENT,https://projects.propublica.org/nonprofits/full_text/202532549349101503/IRS990PF
The Ahmanson Foundation,2024,990-PF-XV,STUDENTS RUN AMERICA,,TARZANA,CA,60000,,,"TOWARD LA MARATHON DAY EXPENSES, 2024",https://projects.propublica.org/nonprofits/full_text/202532549349101503/IRS990PF
The Ahmanson Foundation,2024,990-PF-XV,THE VILLAGE FAMILY SERVICES INC,,NORTH HOLLYWOOD,CA,59600,,,TWO SOUNDPROOF MEETING PODS AND SIX LAPTOPS FOR THE RELOCATED BRIDGE AND TRANSITIONAL HSG. PROG.,https://projects.propublica.org/nonprofits/full_text/202532549349101503/IRS990PF
The Ahmanson Foundation,2024,990-PF-XV,FILM INDEPENDENT INC,,LOS ANGELES,CA,58700,,,FOR OFFICE TECHNOLOGY AND THEATER UPGRADES,https://projects.propublica.org/nonprofits/full_text/202532549349101503/IRS990PF
The Ahmanson Foundation,2024,990-PF-XV,ALCOTT CENTER FOR MENTAL HLTH SVCS,,CULVER CITY,CA,56100,,,TOWARD ACQUISITION OF A VEHICLE,https://projects.propublica.org/nonprofits/full_text/202532549349101503/IRS990PF
The Ahmanson Foundation,2024,990-PF-XV,826LA,,LOS ANGELES,CA,55900,,,FOR TECHNOLOGY AND WEBSITE UPGRADES,https://projects.propublica.org/nonprofits/full_text/202532549349101503/IRS990PF
The Ahmanson Foundation,2024,990-PF-XV,SOUTH COAST BOTANIC GARDEN FDN,,PALOS VERDES PENINSULA,CA,55000,,,TOWARD ACQUISITION OF HORTICULTURAL EQUIPMENT AND STORAGE SHEDS,https://projects.propublica.org/nonprofits/full_text/202532549349101503/IRS990PF
The Ahmanson Foundation,2024,990-PF-XV,VENICE HERITAGE FOUNDATION,,VENICE,CA,55000,,,FOR EQUIPPING THE NEW VENICE HERITAGE MUSEUM,https://projects.propublica.org/nonprofits/full_text/202532549349101503/IRS990PF
The Ahmanson Foundation,2024,990-PF-XV,WOODCRAFT RANGERS,,LOS ANGELES,CA,53500,,,FOR A VEHICLE TO TRANSPORT PROGRAM MATERIALS,https://projects.propublica.org/nonprofits/full_text/202532549349101503/IRS990PF
The Ahmanson Foundation,2024,990-PF-XV,HEIDI DUCKLER DANCE,,LOS ANGELES,CA,53000,,,FOR TECHNOLOGY AND EQUIPMENT FOR STAFF AND PERFORMANCES,https://projects.propublica.org/nonprofits/full_text/202532549349101503/IRS990PF
The Ahmanson Foundation,2024,990-PF-XV,ART CENTER COLLEGE OF DESIGN,,PASADENA,CA,50000,,,"FOR THE AHMANSON VETERANS SCHOLARSHIP INITIATIVE, 2024-2025",https://projects.propublica.org/nonprofits/full_text/202532549349101503/IRS990PF
The Ahmanson Foundation,2024,990-PF-XV,AZUSA PACIFIC UNIVERSITY,,AZUSA,CA,50000,,,"FOR THE AHMANSON VETERANS SCHOLARSHIP INITIATIVE, 2024-2025",https://projects.propublica.org/nonprofits/full_text/202532549349101503/IRS990PF
The Ahmanson Foundation,2024,990-PF-XV,BIOLA UNIVERSITY INC,,LA MIRADA,CA,50000,,,"FOR THE AHMANSON VETERANS SCHOLARSHIP INITIATIVE, 2024-2025",https://projects.propublica.org/nonprofits/full_text/202532549349101503/IRS990PF
The Ahmanson Foundation,2024,990-PF-XV,BISHOP CONATY-OUR LADY LORETTO HS,,LOS ANGELES,CA,50000,,,"SCHOLARSHIP SUPPORT, 2024-2025",https://projects.propublica.org/nonprofits/full_text/202532549349101503/IRS990PF
The Ahmanson Foundation,2024,990-PF-XV,BISHOP MORA SALESIAN HIGH SCHOOL,,LOS ANGELES,CA,50000,,,"SCHOLARSHIP SUPPORT, 2024-2025",https://projects.propublica.org/nonprofits/full_text/202532549349101503/IRS990PF
The Ahmanson Foundation,2024,990-PF-XV,BRENTWOOD SCHOOL,,LOS ANGELES,CA,50000,,,"SCHOLARSHIP SUPPORT, 2024-2025",https://projects.propublica.org/nonprofits/full_text/202532549349101503/IRS990PF
The Ahmanson Foundation,2024,990-PF-XV,BUCKLEY SCHOOL,,SHERMAN OAKS,CA,50000,,,"SCHOLARSHIP SUPPORT, 2024-2025",https://projects.propublica.org/nonprofits/full_text/202532549349101503/IRS990PF
The Ahmanson Foundation,2024,990-PF-XV,CALIFORNIA INSTITUTE OF TECHNOLOGY,,PASADENA,CA,50000,,,"FOR THE AHMANSON VETERANS SCHOLARSHIP INITIATIVE, 2024-2025",https://projects.propublica.org/nonprofits/full_text/202532549349101503/IRS990PF
The Ahmanson Foundation,2024,990-PF-XV,CALIFORNIA LUTHERAN UNIVERSITY,,THOUSAND OAKS,CA,50000,,,"FOR THE AHMANSON VETERANS SCHOLARSHIP INITIATIVE, 2024-2025",https://projects.propublica.org/nonprofits/full_text/202532549349101503/IRS990PF
The Ahmanson Foundation,2024,990-PF-XV,CAMPBELL HALL EPISCOPAL,,STUDIO CITY,CA,50000,,,"SCHOLARSHIP SUPPORT, 2024-2025",https://projects.propublica.org/nonprofits/full_text/202532549349101503/IRS990PF
The Ahmanson Foundation,2024,990-PF-XV,CATE SCHOOL,,CARPINTERIA,CA,50000,,,"SCHOLARSHIP SUPPORT, 2024-2025",https://projects.propublica.org/nonprofits/full_text/202532549349101503/IRS990PF
The Ahmanson Foundation,2024,990-PF-XV,CENTER FOR EARLY EDUCATION,,WEST HOLLYWOOD,CA,50000,,,"SCHOLARSHIP SUPPORT, 2024-2025",https://projects.propublica.org/nonprofits/full_text/202532549349101503/IRS990PF
The Ahmanson Foundation,2024,990-PF-XV,CENTER THEATRE GROUP OF LOS ANGELES,,LOS ANGELES,CA,50000,,,TOWARD GENERAL SUPPORT ON THE OCCASION OF THE 2024 GALA,https://projects.propublica.org/nonprofits/full_text/202532549349101503/IRS990PF
The Ahmanson Foundation,2024,990-PF-XV,CHAMINADE COLLEGE PREPARATORY,,CHATSWORTH,CA,50000,,,"SCHOLARSHIP SUPPORT, 2024-2025",https://projects.propublica.org/nonprofits/full_text/202532549349101503/IRS990PF
The Ahmanson Foundation,2024,990-PF-XV,CHANDLER SCHOOL,,PASADENA,CA,50000,,,"SCHOLARSHIP SUPPORT, 2024-2025",https://projects.propublica.org/nonprofits/full_text/202532549349101503/IRS990PF
The Ahmanson Foundation,2024,990-PF-XV,CHAPMAN UNIVERSITY,,ORANGE,CA,50000,,,"FOR THE AHMANSON VETERANS SCHOLARSHIP INITIATIVE, 2024-2025",https://projects.propublica.org/nonprofits/full_text/202532549349101503/IRS990PF
The Ahmanson Foundation,2024,990-PF-XV,CHILDRENS HOSPITAL LOS ANGELES,,LOS ANGELES,CA,50000,,,TOWARD SUPPORT OF THE VISION CENTER CORNEA RESEARCH BY DR. BIBIANA REISER,https://projects.propublica.org/nonprofits/full_text/202532549349101503/IRS990PF
The Ahmanson Foundation,2024,990-PF-XV,CHRIST THE KING CATHOLIC SCHOOL,,LOS ANGELES,CA,50000,,,TOWARD GENERAL SUPPORT OF THE SCHOOL,https://projects.propublica.org/nonprofits/full_text/202532549349101503/IRS990PF
The Ahmanson Foundation,2024,990-PF-XV,CLAREMONT GRADUATE UNIVERSITY,,CLAREMONT,CA,50000,,,"FOR THE AHMANSON VETERANS SCHOLARSHIP INITIATIVE, 2024-2025",https://projects.propublica.org/nonprofits/full_text/202532549349101503/IRS990PF
The Ahmanson Foundation,2024,990-PF-XV,COMMUNITY PARTNERS,,LOS ANGELES,CA,50000,,,TOWARD GENERAL SUPPORT FOR COLLEGE MATCH,https://projects.propublica.org/nonprofits/full_text/202532549349101503/IRS990PF
The Ahmanson Foundation,2024,990-PF-XV,CONCERN FOUNDATION,,LOS ANGELES,CA,50000,,,TOWARD RESEARCH IN TUMOR IMMUNOLOGY AT THE LAUTENBERG CENTER,https://projects.propublica.org/nonprofits/full_text/202532549349101503/IRS990PF
The Ahmanson Foundation,2024,990-PF-XV,CROSSROADS SCHOOL FOR ARTS AND SC,,SANTA MONICA,CA,50000,,,"SCHOLARSHIP SUPPORT, 2024-2025",https://projects.propublica.org/nonprofits/full_text/202532549349101503/IRS990PF
The Ahmanson Foundation,2024,990-PF-XV,CSU DOMINGUEZ HILLS PHILANTH FDN,,CARSON,CA,50000,,,TOWARD SCHOLARSHIPS,https://projects.propublica.org/nonprofits/full_text/202532549349101503/IRS990PF
The Ahmanson Foundation,2024,990-PF-XV,CULTURE HOUSE,,OLATHE,KS,50000,,,TOWARD THE STORLING CONSERVATORY DEGREE PROGRAM,https://projects.propublica.org/nonprofits/full_text/202532549349101503/IRS990PF
The Ahmanson Foundation,2024,990-PF-XV,CURTIS SCHOOL FOUNDATION,,LOS ANGELES,CA,50000,,,"SCHOLARSHIP SUPPORT, 2024-2025",https://projects.propublica.org/nonprofits/full_text/202532549349101503/IRS990PF
The Ahmanson Foundation,2024,990-PF-XV,DON BOSCO TECHNICAL INSTITUTE,,ROSEMEAD,CA,50000,,,"SCHOLARSHIP SUPPORT, 2024-2025",https://projects.propublica.org/nonprofits/full_text/202532549349101503/IRS990PF
The Ahmanson Foundation,2024,990-PF-XV,DRIVING FORCE GROUP INC,,ROCKVILLE,MD,50000,,,TOWARD GENERAL SUPPORT OF THE TYRONN LUE FUND,https://projects.propublica.org/nonprofits/full_text/202532549349101503/IRS990PF
The Ahmanson Foundation,2024,990-PF-XV,EMPOWER HER NETWORK INC,,NEW LONDON,CT,50000,,,"TOWARD PROGRAM SUPPORT IN LOS ANGELES COUNTY, 2024",https://projects.propublica.org/nonprofits/full_text/202532549349101503/IRS990PF
The Ahmanson Foundation,2024,990-PF-XV,FLINTRIDGE PREPARATORY SCHOOL,,LA CANADA FLINTRIDGE,CA,50000,,,"SCHOLARSHIP SUPPORT, 2024-2025",https://projects.propublica.org/nonprofits/full_text/202532549349101503/IRS990PF
The Ahmanson Foundation,2024,990-PF-XV,FLINTRIDGE SACRED HEART ACADEMY,,LA CANADA FLINTRIDGE,CA,50000,,,"SCHOLARSHIP SUPPORT, 2024-2025",https://projects.propublica.org/nonprofits/full_text/202532549349101503/IRS990PF
The Ahmanson Foundation,2024,990-PF-XV,FOOTHILL COUNTRY DAY SCHOOL,,CLAREMONT,CA,50000,,,"SCHOLARSHIP SUPPORT, 2024-2025",https://projects.propublica.org/nonprofits/full_text/202532549349101503/IRS990PF
The Ahmanson Foundation,2024,990-PF-XV,FRIENDS OF PILGRIM SCHOOL,,LOS ANGELES,CA,50000,,,"SCHOLARSHIP SUPPORT, 2024-2025",https://projects.propublica.org/nonprofits/full_text/202532549349101503/IRS990PF
The Ahmanson Foundation,2024,990-PF-XV,HARVARD-WESTLAKE SCHOOL,,LOS ANGELES,CA,50000,,,"SCHOLARSHIP SUPPORT, 2024-2025",https://projects.propublica.org/nonprofits/full_text/202532549349101503/IRS990PF
The Ahmanson Foundation,2024,990-PF-XV,HENRY E HUNTINGTON LIB & ART GAL,,SAN MARINO,CA,50000,,,TOWARD GENERAL SUPPORT,https://projects.propublica.org/nonprofits/full_text/202532549349101503/IRS990PF
The Ahmanson Foundation,2024,990-PF-XV,HENRY E HUNTINGTON LIB & ART GAL,,SAN MARINO,CA,50000,,,TOWARD BOOK ACQUISITIONS,https://projects.propublica.org/nonprofits/full_text/202532549349101503/IRS990PF
The Ahmanson Foundation,2024,990-PF-XV,IMMACULATE HEART HIGH SCHOOL,,LOS ANGELES,CA,50000,,,"SCHOLARSHIP SUPPORT, 2024-2025",https://projects.propublica.org/nonprofits/full_text/202532549349101503/IRS990PF
The Ahmanson Foundation,2024,990-PF-XV,INSTITUTE OF WORLD POLITICS,,WASHINGTON,DC,50000,,,"SUPPORT TOWARD THE LIBRARY LOW-OXYGEN FIRE SUPPRESSION SYSTEM AND ""SPACE-SAVER"" SHELVING UNITS",https://projects.propublica.org/nonprofits/full_text/202532549349101503/IRS990PF
The Ahmanson Foundation,2024,990-PF-XV,JUNIPERO SERRA HIGH SCHOOL A CORP,,GARDENA,CA,50000,,,"SCHOLARSHIP SUPPORT, 2024-2025",https://projects.propublica.org/nonprofits/full_text/202532549349101503/IRS990PF
The Ahmanson Foundation,2024,990-PF-XV,LOS ANGELES CTY MUS OF NAT HIST,,LOS ANGELES,CA,50000,,,"TOWARD GENERAL SUPPORT ($25,000) AND TOWARD THE DINOSAUR INSTITUTE ($25,000)",https://projects.propublica.org/nonprofits/full_text/202532549349101503/IRS990PF
The Ahmanson Foundation,2024,990-PF-XV,LOS ANGELES OPERA COMPANY,,LOS ANGELES,CA,50000,,,TOWARD GENERAL SUPPORT,https://projects.propublica.org/nonprofits/full_text/202532549349101503/IRS990PF
The Ahmanson Foundation,2024,990-PF-XV,LOYOLA HIGH SCHOOL OF LOS ANGELES,,LOS ANGELES,CA,50000,,,"SCHOLARSHIP SUPPORT, 2024-2025",https://projects.propublica.org/nonprofits/full_text/202532549349101503/IRS990PF
The Ahmanson Foundation,2024,990-PF-XV,LOYOLA MARYMOUNT UNIVERSITY,,LOS ANGELES,CA,50000,,,"FOR THE AHMANSON VETERANS SCHOLARSHIP INITIATIVE, 2024-2025",https://projects.propublica.org/nonprofits/full_text/202532549349101503/IRS990PF
The Ahmanson Foundation,2024,990-PF-XV,MAKING THE RIGHT CONNECTIONS INC,,LOS ANGELES,CA,50000,,,"TOWARD THE SUMMER PROGRAM, 2024",https://projects.propublica.org/nonprofits/full_text/202532549349101503/IRS990PF
The Ahmanson Foundation,2024,990-PF-XV,MANY MANSIONS A CA NON PROFIT CORP,,THOUSAND OAKS,CA,50000,,,"TOWARD TECHNOLOGY, FURNISHINGS, AND SUPPLIES FOR THE SUN KING AFFORDABLE HOUSING COMMUNITY",https://projects.propublica.org/nonprofits/full_text/202532549349101503/IRS990PF
The Ahmanson Foundation,2024,990-PF-XV,MARLBOROUGH SCHOOL,,LOS ANGELES,CA,50000,,,"SCHOLARSHIP SUPPORT, 2024-2025",https://projects.propublica.org/nonprofits/full_text/202532549349101503/IRS990PF
The Ahmanson Foundation,2024,990-PF-XV,MARYMOUNT HIGH SCHOOL,,LOS ANGELES,CA,50000,,,"SCHOLARSHIP SUPPORT, 2024-2025",https://projects.propublica.org/nonprofits/full_text/202532549349101503/IRS990PF
The Ahmanson Foundation,2024,990-PF-XV,MAYFIELD SR SCH OF HOLY CH JESUS,,PASADENA,CA,50000,,,"SCHOLARSHIP SUPPORT, 2024-2025",https://projects.propublica.org/nonprofits/full_text/202532549349101503/IRS990PF
The Ahmanson Foundation,2024,990-PF-XV,MOUNT SAINT MARY'S UNIVERSITY,,LOS ANGELES,CA,50000,,,"FOR THE AHMANSON VETERANS SCHOLARSHIP INITIATIVE, 2024-2025",https://projects.propublica.org/nonprofits/full_text/202532549349101503/IRS990PF
The Ahmanson Foundation,2024,990-PF-XV,MR HOLLAND'S OPUS FOUNDATION INC,,BURBANK,CA,50000,,,FOR NEW EQUIPMENT AND FURNISHINGS,https://projects.propublica.org/nonprofits/full_text/202532549349101503/IRS990PF
The Ahmanson Foundation,2024,990-PF-XV,NATIONAL GALLERY OF ART,,LANDOVER,MD,50000,,,TOWARD ART ACQUISITIONS,https://projects.propublica.org/nonprofits/full_text/202532549349101503/IRS990PF
The Ahmanson Foundation,2024,990-PF-XV,NATIONAL GALLERY OF ART,,LANDOVER,MD,50000,,,"TOWARD THE ACQUISITION OF RAYMOND SAUNDERS', ""THEY DON'T ALWAYS SEE YOU""",https://projects.propublica.org/nonprofits/full_text/202532549349101503/IRS990PF
The Ahmanson Foundation,2024,990-PF-XV,NEW ROADS SCHOOL,,SANTA MONICA,CA,50000,,,"SCHOLARSHIP SUPPORT, 2024-2025",https://projects.propublica.org/nonprofits/full_text/202532549349101503/IRS990PF
The Ahmanson Foundation,2024,990-PF-XV,NOTRE DAME ACADEMY FACILITIES CORP,,LOS ANGELES,CA,50000,,,"SCHOLARSHIP SUPPORT, 2024-2025",https://projects.propublica.org/nonprofits/full_text/202532549349101503/IRS990PF
The Ahmanson Foundation,2024,990-PF-XV,NOTRE DAME HS OF SHERMAN OAKS,,SHERMAN OAKS,CA,50000,,,"SCHOLARSHIP SUPPORT, 2024-2025",https://projects.propublica.org/nonprofits/full_text/202532549349101503/IRS990PF
The Ahmanson Foundation,2024,990-PF-XV,OCCIDENTAL COLLEGE,,LOS ANGELES,CA,50000,,,"TOWARD FINANCIAL AID ($25,000) AND NON-PROFIT INTERNSHIP SUPPORT ($25,000)",https://projects.propublica.org/nonprofits/full_text/202532549349101503/IRS990PF
The Ahmanson Foundation,2024,990-PF-XV,OLIVE CREST,,SANTA ANA,CA,50000,,,TOWARD SOFT COSTS FOR CONSTRUCTION OF THE LOS ANGELES TAY HOUSING FACILITY,https://projects.propublica.org/nonprofits/full_text/202532549349101503/IRS990PF
The Ahmanson Foundation,2024,990-PF-XV,OTIS COLLEGE OF ART AND DESIGN,,LOS ANGELES,CA,50000,,,"FOR THE AHMANSON VETERANS SCHOLARSHIP INITIATIVE, 2024-2025",https://projects.propublica.org/nonprofits/full_text/202532549349101503/IRS990PF
The Ahmanson Foundation,2024,990-PF-XV,PACIFIC SYMPHONY,,IRVINE,CA,50000,,,TOWARD THE FRIEDA BELINFANTE CLASS ACT PROGRAM,https://projects.propublica.org/nonprofits/full_text/202532549349101503/IRS990PF
The Ahmanson Foundation,2024,990-PF-XV,PERFORMING ARTS CTR OF LA COUNTY,,LOS ANGELES,CA,50000,,,TOWARD GENERAL SUPPORT ON THE OCCASION OF THE MUSIC CENTER'S 60TH ANNIVERSARY,https://projects.propublica.org/nonprofits/full_text/202532549349101503/IRS990PF
The Ahmanson Foundation,2024,990-PF-XV,PETERSEN AUTOMOTIVE MUSEUM FDN,,LOS ANGELES,CA,50000,,,TOWARD GENERAL SUPPORT,https://projects.propublica.org/nonprofits/full_text/202532549349101503/IRS990PF
The Ahmanson Foundation,2024,990-PF-XV,PLAYERS PHILANTHROPY FUND,,TOWSON,MD,50000,,,TOWARD GENERAL SUPPORT FOR THE PAUL GEORGE FOUNDATION,https://projects.propublica.org/nonprofits/full_text/202532549349101503/IRS990PF
The Ahmanson Foundation,2024,990-PF-XV,POLYTECHNIC SCHOOL,,PASADENA,CA,50000,,,"SCHOLARSHIP SUPPORT, 2024-2025",https://projects.propublica.org/nonprofits/full_text/202532549349101503/IRS990PF
The Ahmanson Foundation,2024,990-PF-XV,POMONA COLLEGE,,CLAREMONT,CA,50000,,,"FOR THE AHMANSON VETERANS SCHOLARSHIP INITIATIVE, 2024-2025",https://projects.propublica.org/nonprofits/full_text/202532549349101503/IRS990PF
The Ahmanson Foundation,2024,990-PF-XV,PRES-BD OF TR SANTA CLARA COL,,SANTA CLARA,CA,50000,,,"FOR THE AHMANSON VETERANS SCHOLARSHIP INITIATIVE, 2024-2025",https://projects.propublica.org/nonprofits/full_text/202532549349101503/IRS990PF
The Ahmanson Foundation,2024,990-PF-XV,RAINBOW SERVICES LTD,,SAN PEDRO,CA,50000,,,TOWARD GENERAL OPERATING SUPPORT,https://projects.propublica.org/nonprofits/full_text/202532549349101503/IRS990PF
The Ahmanson Foundation,2024,990-PF-XV,RAND CORPORATION,,SANTA MONICA,CA,50000,,,TOWARD SUPPORT OF THE PARDEE RAND TECHNOLOGY AND SECURITY STUDIES,https://projects.propublica.org/nonprofits/full_text/202532549349101503/IRS990PF
The Ahmanson Foundation,2024,990-PF-XV,REGENTS OF THE UNIVERSITY OF CAL,,DAVIS,CA,50000,,,"TOWARD SCHOLARSHIPS FOR LOS ANGELES COUNTY STUDENTS ATTENDING THE COSMOS SUMMER PROGRAM, 2024",https://projects.propublica.org/nonprofits/full_text/202532549349101503/IRS990PF
The Ahmanson Foundation,2024,990-PF-XV,ROCHESTER INSTITUTE OF TECHNOLOGY,,ROCHESTER,NY,50000,,,TOWARD THE ALBERT PALEY ARCHIVE COLLECTION AT RIT,https://projects.propublica.org/nonprofits/full_text/202532549349101503/IRS990PF
The Ahmanson Foundation,2024,990-PF-XV,ROMAN ARCHBISHOP OF LOS ANGELES,,LOS ANGELES,CA,50000,,,TOWARD THE 2024 CARDINAL'S AWARDS DINNER,https://projects.propublica.org/nonprofits/full_text/202532549349101503/IRS990PF
The Ahmanson Foundation,2024,990-PF-XV,SACRED HEART HIGH SCHOOL,,LOS ANGELES,CA,50000,,,"SCHOLARSHIP SUPPORT, 2024-2025",https://projects.propublica.org/nonprofits/full_text/202532549349101503/IRS990PF
The Ahmanson Foundation,2024,990-PF-XV,SAINT MARYS ACADEMY,,INGLEWOOD,CA,50000,,,"SCHOLARSHIP SUPPORT, 2024-2025",https://projects.propublica.org/nonprofits/full_text/202532549349101503/IRS990PF
The Ahmanson Foundation,2024,990-PF-XV,SCRIPPS COLLEGE,,CLAREMONT,CA,50000,,,"FOR THE AHMANSON VETERANS SCHOLARSHIP INITIATIVE, 2024-2025",https://projects.propublica.org/nonprofits/full_text/202532549349101503/IRS990PF
The Ahmanson Foundation,2024,990-PF-XV,ST FRANCIS HS OF LA CANADA FLIN,,LA CAADA,CA,50000,,,"SCHOLARSHIP SUPPORT, 2024-2025",https://projects.propublica.org/nonprofits/full_text/202532549349101503/IRS990PF
The Ahmanson Foundation,2024,990-PF-XV,ST JAMES SCHOOL,,LOS ANGELES,CA,50000,,,"SCHOLARSHIP SUPPORT, 2024-2025",https://projects.propublica.org/nonprofits/full_text/202532549349101503/IRS990PF
The Ahmanson Foundation,2024,990-PF-XV,ST JOHN BOSCO HIGH SCHOOL,,BELLFLOWER,CA,50000,,,"SCHOLARSHIP SUPPORT, 2024-2025",https://projects.propublica.org/nonprofits/full_text/202532549349101503/IRS990PF
The Ahmanson Foundation,2024,990-PF-XV,THACHER SCHOOL INC,,OJAI,CA,50000,,,"SCHOLARSHIP SUPPORT, 2024-2025",https://projects.propublica.org/nonprofits/full_text/202532549349101503/IRS990PF
The Ahmanson Foundation,2024,990-PF-XV,THE BD OF TTEES OF STANFORD UNIV,,STANFORD,CA,50000,,,TOWARD GENERAL OPERATING SUPPORT,https://projects.propublica.org/nonprofits/full_text/202532549349101503/IRS990PF
The Ahmanson Foundation,2024,990-PF-XV,THE PHILANTHROPY ROUNDTABLE INC,,WASHINGTON,DC,50000,,,TOWARD PROTECTING AND PROMOTING PHILANTHROPIC FREEDOM,https://projects.propublica.org/nonprofits/full_text/202532549349101503/IRS990PF
The Ahmanson Foundation,2024,990-PF-XV,THE UCLA FOUNDATION,,LOS ANGELES,CA,50000,,,PROGRAMMATIC SUPPORT TO BE DESIG. BY THE DIR. OF THE CTR. FOR 17TH AND 18TH CNTY. STUDIES AND THE CLARK LIB.,https://projects.propublica.org/nonprofits/full_text/202532549349101503/IRS990PF
The Ahmanson Foundation,2024,990-PF-XV,THE UCLA FOUNDATION,,LOS ANGELES,CA,50000,,,TOWARD THE CENTER FOR PRIMARY RESEARCH AND TRAINING,https://projects.propublica.org/nonprofits/full_text/202532549349101503/IRS990PF
The Ahmanson Foundation,2024,990-PF-XV,THE UCLA FOUNDATION,,LOS ANGELES,CA,50000,,,TOWARD BOOK ACQUISITIONS FOR THE CLARK LIBRARY,https://projects.propublica.org/nonprofits/full_text/202532549349101503/IRS990PF
The Ahmanson Foundation,2024,990-PF-XV,THE UCLA FOUNDATION,,LOS ANGELES,CA,50000,,,TOWARD THE INTEGRATIVE DIGESTIVE HEALTH AND WELLNESS PROGRAM,https://projects.propublica.org/nonprofits/full_text/202532549349101503/IRS990PF
The Ahmanson Foundation,2024,990-PF-XV,THE WEBB SCHOOLS,,CLAREMONT,CA,50000,,,"SCHOLARSHIP SUPPORT, 2024-2025",https://projects.propublica.org/nonprofits/full_text/202532549349101503/IRS990PF
The Ahmanson Foundation,2024,990-PF-XV,UNIVERSITY OF LA VERNE,,LA VERNE,CA,50000,,,"FOR THE AHMANSON VETERANS SCHOLARSHIP INITIATIVE, 2024-2025",https://projects.propublica.org/nonprofits/full_text/202532549349101503/IRS990PF
The Ahmanson Foundation,2024,990-PF-XV,UNIVERSITY OF MASSACHUSETTS GLOBAL,,ALISO VIEJO,CA,50000,,,"FOR THE AHMANSON VETERANS SCHOLARSHIP INITIATIVE, 2024-2025",https://projects.propublica.org/nonprofits/full_text/202532549349101503/IRS990PF
The Ahmanson Foundation,2024,990-PF-XV,UNIVERSITY OF SAN DIEGO,,SAN DIEGO,CA,50000,,,"FOR THE AHMANSON VETERANS SCHOLARSHIP INITIATIVE, 2024-2025",https://projects.propublica.org/nonprofits/full_text/202532549349101503/IRS990PF
The Ahmanson Foundation,2024,990-PF-XV,WASHINGTON STATE UNIVERSITY FDN,,PULLMAN,WA,50000,,,TOWARD THE GOLF FACILITY,https://projects.propublica.org/nonprofits/full_text/202532549349101503/IRS990PF
The Ahmanson Foundation,2024,990-PF-XV,WAVERLY SCHOOL,,PASADENA,CA,50000,,,TOWARD GENERAL SUPPORT,https://projects.propublica.org/nonprofits/full_text/202532549349101503/IRS990PF
The Ahmanson Foundation,2024,990-PF-XV,WAVERLY SCHOOL,,PASADENA,CA,50000,,,"SCHOLARSHIP SUPPORT, 2024-2025",https://projects.propublica.org/nonprofits/full_text/202532549349101503/IRS990PF
The Ahmanson Foundation,2024,990-PF-XV,WESTRIDGE SCHOOL FOR GIRLS,,PASADENA,CA,50000,,,"SCHOLARSHIP SUPPORT, 2024-2025",https://projects.propublica.org/nonprofits/full_text/202532549349101503/IRS990PF
The Ahmanson Foundation,2024,990-PF-XV,WHITTIER COLLEGE,,WHITTIER,CA,50000,,,"FOR THE AHMANSON VETERANS SCHOLARSHIP INITIATIVE, 2024-2025",https://projects.propublica.org/nonprofits/full_text/202532549349101503/IRS990PF
The Ahmanson Foundation,2024,990-PF-XV,WINDWARD SCHOOL,,LOS ANGELES,CA,50000,,,"SCHOLARSHIP SUPPORT, 2024-2025",https://projects.propublica.org/nonprofits/full_text/202532549349101503/IRS990PF
The Ahmanson Foundation,2024,990-PF-XV,GROUND EDUCATION,,LONG BEACH,CA,48400,,,FOR ACQUISITION OF BENCH SEATING AND STORAGE SHEDS FOR SCHOOL CAMPUS PROGRAM SITES,https://projects.propublica.org/nonprofits/full_text/202532549349101503/IRS990PF
The Ahmanson Foundation,2024,990-PF-XV,FREE ARTS FOR ABUSED CHILDREN,,LOS ANGELES,CA,45000,,,TOWARD A NEW WEBSITE,https://projects.propublica.org/nonprofits/full_text/202532549349101503/IRS990PF
The Ahmanson Foundation,2024,990-PF-XV,POLYTECHNIC SCHOOL,,PASADENA,CA,45000,,,"TOWARD THE PARTNERSHIP FOR SUCCESS! PROGRAM, 2024",https://projects.propublica.org/nonprofits/full_text/202532549349101503/IRS990PF
The Ahmanson Foundation,2024,990-PF-XV,FIRST PLACE FOR YOUTH,,LOS ANGELES,CA,43800,,,TOWARD NEW FURNITURE FOR THE LEIMERT PARK OFFICE,https://projects.propublica.org/nonprofits/full_text/202532549349101503/IRS990PF
The Ahmanson Foundation,2024,990-PF-XV,HARVEST HOME INC,,SANTA MONICA,CA,42500,,,ADDITIONAL SUPPORT TOWARD UPGRADES AT THE VENICE HOME,https://projects.propublica.org/nonprofits/full_text/202532549349101503/IRS990PF
The Ahmanson Foundation,2024,990-PF-XV,GEORGE STEVENS ACADEMY,,BLUE HILL,ME,41600,,,FOR ROOFING REPAIRS,https://projects.propublica.org/nonprofits/full_text/202532549349101503/IRS990PF
The Ahmanson Foundation,2024,990-PF-XV,LAKE AVENUE FOUNDATION INC,,PASADENA,CA,40500,,,FOR FURNISHINGS FOR THE NEW OFFICE LOCATION,https://projects.propublica.org/nonprofits/full_text/202532549349101503/IRS990PF
The Ahmanson Foundation,2024,990-PF-XV,ANTAEUS COMPANY,,GLENDALE,CA,40200,,,FOR WEBSITE REDESIGN,https://projects.propublica.org/nonprofits/full_text/202532549349101503/IRS990PF
The Ahmanson Foundation,2024,990-PF-XV,ORANGE COUNTY RESCUE MISSION INC,,TUSTIN,CA,40000,,,"TOWARD THE VILLAGE OF HOPE SUCCESS CENTER PROGRAM, THE DOUBLE R RANCH, AND HOPE HARBOR",https://projects.propublica.org/nonprofits/full_text/202532549349101503/IRS990PF
The Ahmanson Foundation,2024,990-PF-XV,THE UCLA FOUNDATION,,LOS ANGELES,CA,40000,,,"TOWARD UCLA LAWS PUBLIC SERVICES INTERNSHIPS ($25,000) AND CHILDRENS SP. EDUC. DISAB. FELLOWSHIPS ($15,000)",https://projects.propublica.org/nonprofits/full_text/202532549349101503/IRS990PF
The Ahmanson Foundation,2024,990-PF-XV,WHITMAN COLLEGE BOARD OF TRUSTEES,,WALLA WALLA,WA,40000,,,TOWARD GENERAL SUPPORT,https://projects.propublica.org/nonprofits/full_text/202532549349101503/IRS990PF
The Ahmanson Foundation,2024,990-PF-XV,RYMAN CARROLL FOUNDATION,,LOS ANGELES,CA,38000,,,FOR A COLLECTION MANAGEMENT SYSTEM AND EQUIPMENT,https://projects.propublica.org/nonprofits/full_text/202532549349101503/IRS990PF
The Ahmanson Foundation,2024,990-PF-XV,NATIONAL COUNCIL OF JEWISH WOMEN,,LOS ANGELES,CA,36000,,,FOR WEBSITE UPGRADES AND REDESIGN,https://projects.propublica.org/nonprofits/full_text/202532549349101503/IRS990PF
The Ahmanson Foundation,2024,990-PF-XV,NEW VILLAGE CHARTER SCHOOL INC,,LOS ANGELES,CA,35000,,,TOWARD GENERAL SUPPORT,https://projects.propublica.org/nonprofits/full_text/202532549349101503/IRS990PF
The Ahmanson Foundation,2024,990-PF-XV,PASADENA HOSPITAL ASSOCIATION LTD,,PASADENA,CA,35000,,,TOWARD CLINICAL TRAINING SCHOLARSHIPS,https://projects.propublica.org/nonprofits/full_text/202532549349101503/IRS990PF
The Ahmanson Foundation,2024,990-PF-XV,SEED HOUSE PROJECT,,GLENDALE,CA,35000,,,FOR REIMBURSEMENT FOR MOLD REMEDIATION AND FIXTURE UPGRADES IN TWO CAMERON'S HOME BATHROOMS,https://projects.propublica.org/nonprofits/full_text/202532549349101503/IRS990PF
The Ahmanson Foundation,2024,990-PF-XV,COALITION FOR ENGAGED EDUCATION,,SANTA MONICA,CA,33200,,,FOR NEW COMPUTERS AND MIGRATION TO A CLOUD-BASED SERVER,https://projects.propublica.org/nonprofits/full_text/202532549349101503/IRS990PF
The Ahmanson Foundation,2024,990-PF-XV,READING PARTNERS,,LOS ANGELES,CA,31000,,,TOWARD LITERACY RESOURCES FOR THE LOS ANGELES PROGRAM,https://projects.propublica.org/nonprofits/full_text/202532549349101503/IRS990PF
The Ahmanson Foundation,2024,990-PF-XV,THE B & G CLUB BURB & GRTR E VY,,BURBANK,CA,30300,,,TOWARD WATER DAMAGE REPAIR AND PREVENTION AT THE MAIN CLUBHOUSE,https://projects.propublica.org/nonprofits/full_text/202532549349101503/IRS990PF
The Ahmanson Foundation,2024,990-PF-XV,CANDID,,NEW YORK,NY,30000,,,"TOWARD PROGRAM SUPPORT, 2024",https://projects.propublica.org/nonprofits/full_text/202532549349101503/IRS990PF
The Ahmanson Foundation,2024,990-PF-XV,CENTER THEATRE GROUP OF LOS ANGELES,,LOS ANGELES,CA,30000,,,FOR THE LA THEATRE SUMMIT,https://projects.propublica.org/nonprofits/full_text/202532549349101503/IRS990PF
The Ahmanson Foundation,2024,990-PF-XV,PERFORMING ARTS CTR OF LA COUNTY,,LOS ANGELES,CA,30000,,,TOWARD GENERAL SUPPORT,https://projects.propublica.org/nonprofits/full_text/202532549349101503/IRS990PF
The Ahmanson Foundation,2024,990-PF-XV,OUR BIG KITCHEN LOS ANGELES,,LOS ANGELES,CA,28100,,,FOR ACQUISITION OF A TILT SKILLET,https://projects.propublica.org/nonprofits/full_text/202532549349101503/IRS990PF
The Ahmanson Foundation,2024,990-PF-XV,GODS PANTRY,,POMONA,CA,28000,,,TOWARD INSTALLATION OF SOLAR PANELS FOR THE TRANSITIONAL HOME,https://projects.propublica.org/nonprofits/full_text/202532549349101503/IRS990PF
The Ahmanson Foundation,2024,990-PF-XV,AMERICA ON TECH INC,,LOS ANGELES,CA,27500,,,FOR TECHNOLOGY AND SOFTWARE FOR THE LOS ANGELES PROGRAM,https://projects.propublica.org/nonprofits/full_text/202532549349101503/IRS990PF
The Ahmanson Foundation,2024,990-PF-XV,NEW MUSICALS INC,,NORTH HOLLYWOOD,CA,27200,,,TOWARD TECHNOLOGY UPGRADES,https://projects.propublica.org/nonprofits/full_text/202532549349101503/IRS990PF
The Ahmanson Foundation,2024,990-PF-XV,MAKE GOOD INC,,LOS ANGELES,CA,27000,,,TOWARD CREATION OF A BOOK NOOK AT MAGNOLIA SCIENCE ACADEMY #4,https://projects.propublica.org/nonprofits/full_text/202532549349101503/IRS990PF
The Ahmanson Foundation,2024,990-PF-XV,LOS ANGELES POVERTY DEPARTMENT,,LOS ANGELES,CA,26300,,,FOR ACQUISITION OF UPGRADED ARCHIVE TECHNOLOGY,https://projects.propublica.org/nonprofits/full_text/202532549349101503/IRS990PF
The Ahmanson Foundation,2024,990-PF-XV,AMERICAN FRIENDS OF THE HEBREW UNIV,,LOS ANGELES,CA,25000,,,TOWARD THE ENDOWMENT FUND FOR TUMOR IMMUNOLOGY RESEARCH AT THE LAUTENBERG CENTER,https://projects.propublica.org/nonprofits/full_text/202532549349101503/IRS990PF
The Ahmanson Foundation,2024,990-PF-XV,ARROYOS & FOOTHILLS CONSERVANCY,,PASADENA,CA,25000,,,TOWARD GENERAL SUPPORT,https://projects.propublica.org/nonprofits/full_text/202532549349101503/IRS990PF
The Ahmanson Foundation,2024,990-PF-XV,CALIFORNIA INSTITUTE OF THE ARTS,,VALENCIA,CA,25000,,,TOWARD GENERAL SUPPORT FOR THE HERB ALPERT SCHOOL OF MUSIC,https://projects.propublica.org/nonprofits/full_text/202532549349101503/IRS990PF
The Ahmanson Foundation,2024,990-PF-XV,CENTER THEATRE GROUP OF LOS ANGELES,,LOS ANGELES,CA,25000,,,TOWARD GENERAL SUPPORT,https://projects.propublica.org/nonprofits/full_text/202532549349101503/IRS990PF
The Ahmanson Foundation,2024,990-PF-XV,CHILDRENS HOSPITAL LOS ANGELES,,LOS ANGELES,CA,25000,,,TOWARD GENERAL SUPPORT,https://projects.propublica.org/nonprofits/full_text/202532549349101503/IRS990PF
The Ahmanson Foundation,2024,990-PF-XV,FRIENDS OF PILGRIM SCHOOL,,LOS ANGELES,CA,25000,,,"TOWARD THE ARTISTS IN RESIDENCE PROGRAM, 2024-25",https://projects.propublica.org/nonprofits/full_text/202532549349101503/IRS990PF
The Ahmanson Foundation,2024,990-PF-XV,INEVITABLE FOUNDATION,,WEST HOLLYWOOD,CA,25000,,,TOWARD THE PLANNING STUDY TO CONSTRUCT THE INEVITABLE STAGES CAMPUS,https://projects.propublica.org/nonprofits/full_text/202532549349101503/IRS990PF
The Ahmanson Foundation,2024,990-PF-XV,LINCOLN HEIGHTS TUTORIAL PROGRAM,,LOS ANGELES,CA,25000,,,"TOWARD MATERIALS, SUPPLIES, AND GENERAL SUPPORT",https://projects.propublica.org/nonprofits/full_text/202532549349101503/IRS990PF
The Ahmanson Foundation,2024,990-PF-XV,LOYOLA MARYMOUNT UNIVERSITY,,LOS ANGELES,CA,25000,,,TOWARD THE LEGAL CLINIC PROGRAM AT THE LAW SCHOOL,https://projects.propublica.org/nonprofits/full_text/202532549349101503/IRS990PF
The Ahmanson Foundation,2024,990-PF-XV,MEND-MEET EACH NEED WITH DIGNITY,,PACOIMA,CA,25000,,,TOWARD GENERAL SUPPORT,https://projects.propublica.org/nonprofits/full_text/202532549349101503/IRS990PF
The Ahmanson Foundation,2024,990-PF-XV,OSBORNE HEAD AND NECK FOUNDATION,,LOS ANGELES,CA,25000,,,TOWARD GENERAL SUPPORT,https://projects.propublica.org/nonprofits/full_text/202532549349101503/IRS990PF
The Ahmanson Foundation,2024,990-PF-XV,PACIFIC OPERA PROJECT INCORPORATED,,LOS ANGELES,CA,25000,,,TOWARD CAPACITY BUILDING,https://projects.propublica.org/nonprofits/full_text/202532549349101503/IRS990PF
The Ahmanson Foundation,2024,990-PF-XV,PRESIDENT & FELLOWS OF HARVARD COLL,,CAMBRIDGE,MA,25000,,,TOWARD GENERAL SUPPORT OF HARVARD BELFER CENTER,https://projects.propublica.org/nonprofits/full_text/202532549349101503/IRS990PF
The Ahmanson Foundation,2024,990-PF-XV,PROJECT INVENT,,SAN FRANCISCO,CA,25000,,,TOWARD TECHNOLOGY KITS FOR STUDENTS IN LOS ANGELES COUNTY,https://projects.propublica.org/nonprofits/full_text/202532549349101503/IRS990PF
The Ahmanson Foundation,2024,990-PF-XV,READING IS FUNDAMENTAL OF SO CA,,LOS ANGELES,CA,25000,,,TOWARD ACQUISITION OF BOOKS FOR THE MOTIVATIONAL READING PROGRAM,https://projects.propublica.org/nonprofits/full_text/202532549349101503/IRS990PF
The Ahmanson Foundation,2024,990-PF-XV,REDONDO BEACH EDUCATIONAL FDN,,REDONDO BEACH,CA,25000,,,TOWARD GENERAL SUPPORT FOR BEACH CITIES ROBOTICS,https://projects.propublica.org/nonprofits/full_text/202532549349101503/IRS990PF
The Ahmanson Foundation,2024,990-PF-XV,ST JAMES EPISCOPAL CHURCH A CORP,,LOS ANGELES,CA,25000,,,TOWARD THE INTERNATIONAL ORGAN LAUREATES PROGRAM FOR 2024-25,https://projects.propublica.org/nonprofits/full_text/202532549349101503/IRS990PF
The Ahmanson Foundation,2024,990-PF-XV,ST TIMOTHY CATHOLIC CHURCH,,LOS ANGELES,CA,25000,,,TOWARD NEW CLASSROOM PROJECTORS AND WIFI UPGRADES,https://projects.propublica.org/nonprofits/full_text/202532549349101503/IRS990PF
The Ahmanson Foundation,2024,990-PF-XV,THACHER SCHOOL INC,,OJAI,CA,25000,,,TOWARD SCHOLARSHIPS,https://projects.propublica.org/nonprofits/full_text/202532549349101503/IRS990PF
The Ahmanson Foundation,2024,990-PF-XV,THE COLBURN SCHOOL,,LOS ANGELES,CA,25000,,,TOWARD THE KEAN/MAYMAN COMMUNITY SCHOOL SCHOLARSHIP FUND,https://projects.propublica.org/nonprofits/full_text/202532549349101503/IRS990PF
The Ahmanson Foundation,2024,990-PF-XV,THE UCLA FOUNDATION,,LOS ANGELES,CA,25000,,,TOWARD MEN'S GOLF,https://projects.propublica.org/nonprofits/full_text/202532549349101503/IRS990PF
The Ahmanson Foundation,2024,990-PF-XV,UNION STATION HOMELESS SERVICES,,PASADENA,CA,25000,,,TOWARD GENERAL SUPPORT,https://projects.propublica.org/nonprofits/full_text/202532549349101503/IRS990PF
The Ahmanson Foundation,2024,990-PF-XV,UNIVERSITY OF SOUTHERN CALIFORNIA,,LOS ANGELES,CA,25000,,,TOWARD PROGRAMMATIC SUPPORT AT THE DISCRETION OF THE PRESIDENT,https://projects.propublica.org/nonprofits/full_text/202532549349101503/IRS990PF
The Ahmanson Foundation,2024,990-PF-XV,DOWNTOWN WOMENS CENTER,,LOS ANGELES,CA,24500,,,TOWARD TEMPORARY RELOCATION OF SELECT SUPPORTIVE HOUSING RESIDENTS DURING REPAIR OF ELEVATOR,https://projects.propublica.org/nonprofits/full_text/202532549349101503/IRS990PF
The Ahmanson Foundation,2024,990-PF-XV,PS SCIENCE,,INGLEWOOD,CA,23500,,,FOR HVAC INSTALLATION,https://projects.propublica.org/nonprofits/full_text/202532549349101503/IRS990PF
The Ahmanson Foundation,2024,990-PF-XV,ROME INSTITUTE OF LIBERAL ARTS INC,,SAN FRANCISCO,CA,23250,,,TOWARD SCHOLARSHIPS FOR FIVE ST. JOHN'S COLLEGE STUDENTS TO ATTEND THE 2024 RILA PROGRAM,https://projects.propublica.org/nonprofits/full_text/202532549349101503/IRS990PF
The Ahmanson Foundation,2024,990-PF-XV,YOUTH SCIENCE CENTER,,HACIENDA HEIGHTS,CA,23200,,,FOR UPGRADED TECHNOLOGY AND EQUIPMENT,https://projects.propublica.org/nonprofits/full_text/202532549349101503/IRS990PF
The Ahmanson Foundation,2024,990-PF-XV,COLLEGE ACCESS PARTNERSHIP INC,,MONTROSE,CA,23000,,,TOWARD GENERAL SUPPORT,https://projects.propublica.org/nonprofits/full_text/202532549349101503/IRS990PF
The Ahmanson Foundation,2024,990-PF-XV,THEATRE WEST INC,,LOS ANGELES,CA,23000,,,TOWARD NEW STAGE AND LOBBY CURTAINS,https://projects.propublica.org/nonprofits/full_text/202532549349101503/IRS990PF
The Ahmanson Foundation,2024,990-PF-XV,COMMUNITY PARTNERS,,LOS ANGELES,CA,20500,,,TOWARD ACQUISITION OF LAPTOPS AND EQUIPMENT FOR STAFF,https://projects.propublica.org/nonprofits/full_text/202532549349101503/IRS990PF
The Ahmanson Foundation,2024,990-PF-XV,ASCAP FOUNDATION,,NEW YORK,NY,20000,,,TOWARD THE CHILDREN WILL LISTEN PROGRAM,https://projects.propublica.org/nonprofits/full_text/202532549349101503/IRS990PF
The Ahmanson Foundation,2024,990-PF-XV,FRIENDS OF PILGRIM SCHOOL,,LOS ANGELES,CA,20000,,,TOWARD GENERAL SUPPORT,https://projects.propublica.org/nonprofits/full_text/202532549349101503/IRS990PF
The Ahmanson Foundation,2024,990-PF-XV,LOS ANGELES POLICE FOUNDATION,,LOS ANGELES,CA,20000,,,TOWARD LEADS TRAINING,https://projects.propublica.org/nonprofits/full_text/202532549349101503/IRS990PF
The Ahmanson Foundation,2024,990-PF-XV,LOYOLA HIGH SCHOOL OF LOS ANGELES,,LOS ANGELES,CA,20000,,,TOWARD THE FIRST GEN TEST PROGRAM,https://projects.propublica.org/nonprofits/full_text/202532549349101503/IRS990PF
The Ahmanson Foundation,2024,990-PF-XV,LOYOLA MARYMOUNT UNIVERSITY,,LOS ANGELES,CA,20000,,,TOWARD GENERAL SUPPORT OF THE LAW SCHOOL,https://projects.propublica.org/nonprofits/full_text/202532549349101503/IRS990PF
The Ahmanson Foundation,2024,990-PF-XV,PEPPERDINE UNIVERSITY,,MALIBU,CA,20000,,,TOWARD GENERAL SUPPORT OF THE LAW SCHOOL,https://projects.propublica.org/nonprofits/full_text/202532549349101503/IRS990PF
The Ahmanson Foundation,2024,990-PF-XV,POLYTECHNIC SCHOOL,,PASADENA,CA,20000,,,TOWARD GENERAL SUPPORT,https://projects.propublica.org/nonprofits/full_text/202532549349101503/IRS990PF
The Ahmanson Foundation,2024,990-PF-XV,RED HEN PRESS INC,,PASADENA,CA,20000,,,"TOWARD THE WRITING IN THE SCHOOLS PROGRAM, 2024-2025",https://projects.propublica.org/nonprofits/full_text/202532549349101503/IRS990PF
The Ahmanson Foundation,2024,990-PF-XV,THE UCLA FOUNDATION,,LOS ANGELES,CA,20000,,,"TOWARD THE PREMIERE PERFORMANCE OF ""IN THE FOOTSTEPS OF ST. DEMETRIOS""",https://projects.propublica.org/nonprofits/full_text/202532549349101503/IRS990PF
The Ahmanson Foundation,2024,990-PF-XV,THE UCLA FOUNDATION,,LOS ANGELES,CA,20000,,,TOWARD GENERAL SUPPORT OF THE CHICANO STUDIES RESEARCH CENTER,https://projects.propublica.org/nonprofits/full_text/202532549349101503/IRS990PF
The Ahmanson Foundation,2024,990-PF-XV,THE UCLA FOUNDATION,,LOS ANGELES,CA,20000,,,TOWARD SCHOLARSHIPS FOR LIBRARIANS PARTICIPATING IN THE 2024 CALIFORNIA RARE BOOK SCHOOL PROGRAM,https://projects.propublica.org/nonprofits/full_text/202532549349101503/IRS990PF
The Ahmanson Foundation,2024,990-PF-XV,COMBINED ARMS,,HOUSTON,TX,18000,,,TOWARD GENERAL SUPPORT,https://projects.propublica.org/nonprofits/full_text/202532549349101503/IRS990PF
The Ahmanson Foundation,2024,990-PF-XV,UNION STATION HOMELESS SERVICES,,PASADENA,CA,16750,,,TOWARD PRIMARY NEEDS FOR WOMEN AND THEIR CHILDREN,https://projects.propublica.org/nonprofits/full_text/202532549349101503/IRS990PF
The Ahmanson Foundation,2024,990-PF-XV,HILLSIDE SCHOOL AND LEARNING CENTER,,LA CANADA,CA,15200,,,FOR NEW FLOORING AND WINDOW BLINDS,https://projects.propublica.org/nonprofits/full_text/202532549349101503/IRS990PF
The Ahmanson Foundation,2024,990-PF-XV,A NOISE WITHIN,,PASADENA,CA,15000,,,TOWARD PROGRAMMATIC SUPPORT AT THE DISCRETION OF THE CO-FOUNDERS,https://projects.propublica.org/nonprofits/full_text/202532549349101503/IRS990PF
The Ahmanson Foundation,2024,990-PF-XV,ELEVATE YOUR G A M E,,COMPTON,CA,15000,,,TOWARD THE MENTORING PROGRAM,https://projects.propublica.org/nonprofits/full_text/202532549349101503/IRS990PF
The Ahmanson Foundation,2024,990-PF-XV,GREATER LOS ANGELES ZOO ASSOCIATION,,LOS ANGELES,CA,15000,,,TOWARD GENERAL SUPPORT,https://projects.propublica.org/nonprofits/full_text/202532549349101503/IRS990PF
The Ahmanson Foundation,2024,990-PF-XV,GROWINGGREAT,,MANHATTAN BEACH,CA,15000,,,TOWARD MATERIALS AND SUPPLIES FOR THE GARDENING PROGRAM AT 5 LAUSD EARLY EDUCATION CENTERS,https://projects.propublica.org/nonprofits/full_text/202532549349101503/IRS990PF
The Ahmanson Foundation,2024,990-PF-XV,HENRY E HUNTINGTON LIB & ART GAL,,SAN MARINO,CA,15000,,,TOWARD GENERAL SUPPORT OF THE GARDENS,https://projects.propublica.org/nonprofits/full_text/202532549349101503/IRS990PF
The Ahmanson Foundation,2024,990-PF-XV,HNBA VIA-VISION IN ACTION-FUND,,WASHINGTON,DC,15000,,,TOWARD SCHOLARSHIPS FOR HISPANIC LAW STUDENTS ATTENDING LAW SCHOOL IN SOUTHERN CALIFORNIA,https://projects.propublica.org/nonprofits/full_text/202532549349101503/IRS990PF
The Ahmanson Foundation,2024,990-PF-XV,MEND-MEET EACH NEED WITH DIGNITY,,PACOIMA,CA,15000,,,TOWARD THE FAMILY SUPPORT PROGRAM,https://projects.propublica.org/nonprofits/full_text/202532549349101503/IRS990PF
The Ahmanson Foundation,2024,990-PF-XV,MEXICAN AMERICAN BAR FOUNDATION,,LOS ANGELES,CA,15000,,,TOWARD THE SCHOLARSHIP FUND,https://projects.propublica.org/nonprofits/full_text/202532549349101503/IRS990PF
The Ahmanson Foundation,2024,990-PF-XV,OJAI PLAYWRIGHTS CONFERENCE,,CULVER CITY,CA,15000,,,TOWARD GENERAL SUPPORT,https://projects.propublica.org/nonprofits/full_text/202532549349101503/IRS990PF
The Ahmanson Foundation,2024,990-PF-XV,THE INDEPENDENT SHAKESPEARE CO INC,,LOS ANGELES,CA,15000,,,TOWARD GENERAL SUPPORT,https://projects.propublica.org/nonprofits/full_text/202532549349101503/IRS990PF
The Ahmanson Foundation,2024,990-PF-XV,COMMUNITY PARTNERS,,LOS ANGELES,CA,14500,,,TOWARD TECHNOLOGY AND SOFTWARE,https://projects.propublica.org/nonprofits/full_text/202532549349101503/IRS990PF
The Ahmanson Foundation,2024,990-PF-XV,COMMUNITY PARTNERS,,LOS ANGELES,CA,13300,,,TOWARD EQUIPPING THE NEW ARTS GARDEN PROGRAM,https://projects.propublica.org/nonprofits/full_text/202532549349101503/IRS990PF
The Ahmanson Foundation,2024,990-PF-XV,ANGELES CHORALE,,PASADENA,CA,11300,,,FOR TECHNOLOGY UPGRADES,https://projects.propublica.org/nonprofits/full_text/202532549349101503/IRS990PF
The Ahmanson Foundation,2024,990-PF-XV,HELIX COLLECTIVE,,WEST HOLLYWOOD,CA,10700,,,FOR TECHNOLOGY AND EQUIPMENT,https://projects.propublica.org/nonprofits/full_text/202532549349101503/IRS990PF
The Ahmanson Foundation,2024,990-PF-XV,ASSISTANCE LEAGUE OF LOS ANGELES,,LOS ANGELES,CA,10000,,,TOWARD OPERATION SCHOOL BELL,https://projects.propublica.org/nonprofits/full_text/202532549349101503/IRS990PF
The Ahmanson Foundation,2024,990-PF-XV,BOYS REPUBLIC,,CHINO HILLS,CA,10000,,,TOWARD GENERAL SUPPORT,https://projects.propublica.org/nonprofits/full_text/202532549349101503/IRS990PF
The Ahmanson Foundation,2024,990-PF-XV,CALIFORNIA COMMUNITY FOUNDATION,,LOS ANGELES,CA,10000,,,TOWARD GENERAL SUPPORT FOR LA PARTNERSHIP FOR EARLY CHILDHOOD INVESTMENT,https://projects.propublica.org/nonprofits/full_text/202532549349101503/IRS990PF
The Ahmanson Foundation,2024,990-PF-XV,CALIFORNIA INSTITUTE OF TECHNOLOGY,,PASADENA,CA,10000,,,TOWARD THE ROTHENBERG INNOVATION INITIATIVE,https://projects.propublica.org/nonprofits/full_text/202532549349101503/IRS990PF
The Ahmanson Foundation,2024,990-PF-XV,CENTRAL PRESBYTERIAN CHURCH,,NEW YORK,CA,10000,,,TOWARD THE CHURCH'S EXTERIOR LIGHTING PROJECT,https://projects.propublica.org/nonprofits/full_text/202532549349101503/IRS990PF
The Ahmanson Foundation,2024,990-PF-XV,CHALK REPERTORY THEATRE,,LOS ANGELES,CA,10000,,,FOR INFRASTRUCTURE IMPROVEMENTS,https://projects.propublica.org/nonprofits/full_text/202532549349101503/IRS990PF
The Ahmanson Foundation,2024,990-PF-XV,CHURCH OF ST PHILIP THE APOSTLE,,PASADENA,CA,10000,,,TOWARD THE MUSIC PROGRAM,https://projects.propublica.org/nonprofits/full_text/202532549349101503/IRS990PF
The Ahmanson Foundation,2024,990-PF-XV,DESCANSO GARDENS FOUNDATION,,LA CANADA FLINTRIDGE,CA,10000,,,TOWARD GENERAL SUPPORT,https://projects.propublica.org/nonprofits/full_text/202532549349101503/IRS990PF
The Ahmanson Foundation,2024,990-PF-XV,DIGNITY COMMUNITY CARE,,LOS ANGELES,CA,10000,,,TOWARD GENERAL SUPPORT FOR HOPE STREET FAMILY CENTER,https://projects.propublica.org/nonprofits/full_text/202532549349101503/IRS990PF
The Ahmanson Foundation,2024,990-PF-XV,DOLORES MISSION SCHOOL,,LOS ANGELES,CA,10000,,,TOWARD THE ADOPT-A-STUDENT PROGRAM,https://projects.propublica.org/nonprofits/full_text/202532549349101503/IRS990PF
The Ahmanson Foundation,2024,990-PF-XV,EMANATE HEALTH FOUNDATION,,COVINA,CA,10000,,,TOWARD GENERAL SUPPORT,https://projects.propublica.org/nonprofits/full_text/202532549349101503/IRS990PF
The Ahmanson Foundation,2024,990-PF-XV,FRIENDS OF PILGRIM SCHOOL,,LOS ANGELES,CA,10000,,,TOWARD GENERAL SUPPORT,https://projects.propublica.org/nonprofits/full_text/202532549349101503/IRS990PF
The Ahmanson Foundation,2024,990-PF-XV,GREATER NEW MORNINGS STAR BAPTIST,,LOS ANGELES,CA,10000,,,TOWARD STORAGE UNITS FOR FOOD PANTRY EXPANSION,https://projects.propublica.org/nonprofits/full_text/202532549349101503/IRS990PF
The Ahmanson Foundation,2024,990-PF-XV,HOLLYWOOD JUDO DOJO INC,,LOS ANGELES,CA,10000,,,TOWARD GENERAL SUPPORT,https://projects.propublica.org/nonprofits/full_text/202532549349101503/IRS990PF
The Ahmanson Foundation,2024,990-PF-XV,HOSPITALLER FOUNDATION OF CA,,LOS ANGELES,CA,10000,,,TOWARD GENERAL SUPPORT OF ST. JOHN OF GOD RETIREMENT CENTER,https://projects.propublica.org/nonprofits/full_text/202532549349101503/IRS990PF
The Ahmanson Foundation,2024,990-PF-XV,INNER-CITY ARTS,,LOS ANGELES,CA,10000,,,TOWARD GENERAL SUPPORT IN HONOR OF THE 35TH ANNIVERSARY GALA,https://projects.propublica.org/nonprofits/full_text/202532549349101503/IRS990PF
The Ahmanson Foundation,2024,990-PF-XV,INTERNATIONAL GUIDING EYES INC,,SYLMAR,CA,10000,,,TOWARD GENERAL SUPPORT,https://projects.propublica.org/nonprofits/full_text/202532549349101503/IRS990PF
The Ahmanson Foundation,2024,990-PF-XV,LA FAMILY HOUSING CORPORATION,,NORTH HOLLYWOOD,CA,10000,,,TOWARD PRIORITY NEEDS AT THE DISCRETION OF THE DIRECTOR,https://projects.propublica.org/nonprofits/full_text/202532549349101503/IRS990PF
The Ahmanson Foundation,2024,990-PF-XV,LANGE FOUNDATION,,LOS ANGELES,CA,10000,,,TOWARD GENERAL SUPPORT,https://projects.propublica.org/nonprofits/full_text/202532549349101503/IRS990PF
The Ahmanson Foundation,2024,990-PF-XV,LOS ANGELES BROTHERHOOD CRUSADE,,LOS ANGELES,CA,10000,,,TOWARD GENERAL SUPPORT,https://projects.propublica.org/nonprofits/full_text/202532549349101503/IRS990PF
The Ahmanson Foundation,2024,990-PF-XV,LOS ANGELES MASTER CHORALE ASSN,,LOS ANGELES,CA,10000,,,TOWARD GENERAL SUPPORT,https://projects.propublica.org/nonprofits/full_text/202532549349101503/IRS990PF
The Ahmanson Foundation,2024,990-PF-XV,LOS ANGELES POLICE RESERVE FDN,,LOS ANGELES,CA,10000,,,TOWARD GENERAL SUPPORT ON THE OCCASION OF THE 2024 TWICE A CITIZEN EVENT,https://projects.propublica.org/nonprofits/full_text/202532549349101503/IRS990PF
The Ahmanson Foundation,2024,990-PF-XV,LOS ANGELES POLICE RESERVE FDN,,LOS ANGELES,CA,10000,,,TOWARD GENERAL SUPPORT,https://projects.propublica.org/nonprofits/full_text/202532549349101503/IRS990PF
The Ahmanson Foundation,2024,990-PF-XV,TEAM PRIME TIME INC,,LOS ANGELES,CA,10000,,,TOWARD GENERAL SUPPORT,https://projects.propublica.org/nonprofits/full_text/202532549349101503/IRS990PF
The Ahmanson Foundation,2024,990-PF-XV,TEAM RUBICON,,LOS ANGELES,CA,10000,,,TOWARD GENERAL SUPPORT,https://projects.propublica.org/nonprofits/full_text/202532549349101503/IRS990PF
The Ahmanson Foundation,2024,990-PF-XV,THE UCLA FOUNDATION,,LOS ANGELES,CA,10000,,,TOWARD GENERAL SUPPORT OF THE LAB SCHOOL ON THE OCCASION OF THE ARTS PARTY,https://projects.propublica.org/nonprofits/full_text/202532549349101503/IRS990PF
The Ahmanson Foundation,2024,990-PF-XV,USA WEST PROVINCE SOCIETY OF JESUS,,LOS GATOS,CA,10000,,,TOWARD THE JESUIT INITIATIVE TO ALLEVIATE POVERTY,https://projects.propublica.org/nonprofits/full_text/202532549349101503/IRS990PF
The Ahmanson Foundation,2024,990-PF-XV,VERBUM DEI JESUIT HIGH SCHOOL,,LOS ANGELES,CA,10000,,,TOWARD GENERAL SUPPORT,https://projects.propublica.org/nonprofits/full_text/202532549349101503/IRS990PF
The Ahmanson Foundation,2024,990-PF-XV,WESTMORELAND MUSEUM OF ART,,GREENSBURG,PA,10000,,,TOWARD GENERAL SUPPORT,https://projects.propublica.org/nonprofits/full_text/202532549349101503/IRS990PF
The Ahmanson Foundation,2024,990-PF-XV,WILDWOOD SCHOOL INC,,LOS ANGELES,CA,10000,,,TOWARD TUITION ASSISTANCE,https://projects.propublica.org/nonprofits/full_text/202532549349101503/IRS990PF
The Ahmanson Foundation,2024,990-PF-XV,YALE UNIVERSITY,,NEW HAVEN,CT,10000,,,TOWARD YALE GRADUATE SCHOOL,https://projects.propublica.org/nonprofits/full_text/202532549349101503/IRS990PF
The Ahmanson Foundation,2024,990-PF-XV,CROSSROADS SCHOOL,,ST LOUIS,MO,7400,,,TOWARD GENERAL SUPPORT,https://projects.propublica.org/nonprofits/full_text/202532549349101503/IRS990PF
The Ahmanson Foundation,2024,990-PF-XV,MUSE-IQUE,,PASADENA,CA,7000,,,TOWARD GENERAL SUPPORT,https://projects.propublica.org/nonprofits/full_text/202532549349101503/IRS990PF
The Ahmanson Foundation,2024,990-PF-XV,COUNCIL ON LEGAL EDUCATION OPP,,ALEXANDRIA,VA,5500,,,TOWARD GENERAL SUPPORT OF SOUTHERN CALIFORNIA PROGRAMS,https://projects.propublica.org/nonprofits/full_text/202532549349101503/IRS990PF
The Ahmanson Foundation,2024,990-PF-XV,ASSISTANCE LEAGUE OF LOS ANGELES,,LOS ANGELES,CA,5000,,,TOWARD OPERATION SCHOOL BELL,https://projects.propublica.org/nonprofits/full_text/202532549349101503/IRS990PF
The Ahmanson Foundation,2024,990-PF-XV,CROSSROADS SCHOOL,,ST LOUIS,MO,5000,,,TOWARD GENERAL SUPPORT,https://projects.propublica.org/nonprofits/full_text/202532549349101503/IRS990PF
The Ahmanson Foundation,2024,990-PF-XV,EVERYBODY DANCE LA,,LOS ANGELES,CA,5000,,,TOWARD GENERAL SUPPORT IN MEMORY OF MINDY JONES,https://projects.propublica.org/nonprofits/full_text/202532549349101503/IRS990PF
The Ahmanson Foundation,2024,990-PF-XV,GEORGE STEVENS ACADEMY,,BLUE HILL,ME,5000,,,TOWARD GENERAL SUPPORT,https://projects.propublica.org/nonprofits/full_text/202532549349101503/IRS990PF
The Ahmanson Foundation,2024,990-PF-XV,HOLLENBECK POLICE BUSINESS COUNCIL,,LOS ANGELES,CA,5000,,,TOWARD THE MIRACLE ON 1ST STREET TOY GIVEAWAY 2023,https://projects.propublica.org/nonprofits/full_text/202532549349101503/IRS990PF
The Ahmanson Foundation,2024,990-PF-XV,LA SALLE HIGH SCHOOL OF PASADENA,,PASADENA,CA,5000,,,TOWARD GENERAL SUPPORT,https://projects.propublica.org/nonprofits/full_text/202532549349101503/IRS990PF
The Ahmanson Foundation,2024,990-PF-XV,LOYOLA MARYMOUNT UNIVERSITY,,LOS ANGELES,CA,5000,,,"TOWARD GENERAL OPERATING SUPPORT FOR THE CHAPLAIN'S OFFICE OF THE LAW SCHOOL, DOWNTOWN CAMPUS",https://projects.propublica.org/nonprofits/full_text/202532549349101503/IRS990PF
The Ahmanson Foundation,2024,990-PF-XV,MEXICAN AMER LEG DEF & EDU FD,,LOS ANGELES,CA,5000,,,TOWARD GENERAL SUPPORT ON THE OCCASION OF THE LOS ANGELES ANNUAL AWARDS GALA,https://projects.propublica.org/nonprofits/full_text/202532549349101503/IRS990PF
The Ahmanson Foundation,2024,990-PF-XV,OUR SAV PAR & USC CARUSO CTR,,LOS ANGELES,CA,5000,,,TOWARD GENERAL SUPPORT,https://projects.propublica.org/nonprofits/full_text/202532549349101503/IRS990PF
The Ahmanson Foundation,2024,990-PF-XV,PROYECTO PASTORAL,,LOS ANGELES,CA,5000,,,TOWARD GENERAL SUPPORT,https://projects.propublica.org/nonprofits/full_text/202532549349101503/IRS990PF
The Ahmanson Foundation,2024,990-PF-XV,PUENTE LEARNING CENTER,,LOS ANGELES,CA,5000,,,TOWARD GENERAL SUPPORT IN MEMORY OF MINDY JONES,https://projects.propublica.org/nonprofits/full_text/202532549349101503/IRS990PF
The Ahmanson Foundation,2024,990-PF-XV,SALESIAN FAMILY YOUTH CENTER,,LOS ANGELES,CA,5000,,,TOWARD GENERAL SUPPORT,https://projects.propublica.org/nonprofits/full_text/202532549349101503/IRS990PF
The Ahmanson Foundation,2024,990-PF-XV,UNIVERSITY OF SOUTHERN CALIFORNIA,,LOS ANGELES,CA,5000,,,TOWARD GENERAL SUPPORT,https://projects.propublica.org/nonprofits/full_text/202532549349101503/IRS990PF
The Ahmanson Foundation,2024,990-PF-XV,GEORGE STEVENS ACADEMY,,BLUE HILL,ME,3000,,,TOWARD GENERAL SUPPORT,https://projects.propublica.org/nonprofits/full_text/202532549349101503/IRS990PF
The Ahmanson Foundation,2024,990-PF-XV,LOS ANGELES POLICE MUSEUM,,LOS ANGELES,CA,3000,,,TOWARD THE 2024 JACK WEBB AWARDS,https://projects.propublica.org/nonprofits/full_text/202532549349101503/IRS990PF
The Ahmanson Foundation,2024,990-PF-XV,LOS ANGELES POLICE RESERVE FDN,,LOS ANGELES,CA,3000,,,TOWARD GENERAL SUPPORT,https://projects.propublica.org/nonprofits/full_text/202532549349101503/IRS990PF
The Ahmanson Foundation,2024,990-PF-XV,ASSISTANCE LEAGUE OF LOS ANGELES,,LOS ANGELES,CA,2500,,,TOWARD OPERATION SCHOOL BELL,https://projects.propublica.org/nonprofits/full_text/202532549349101503/IRS990PF
The Ahmanson Foundation,2024,990-PF-XV,LIGONIER VALLEY HISTORICAL SOCIETY,,LAUGHLINTOWN,PA,2500,,,TOWARD GENERAL SUPPORT,https://projects.propublica.org/nonprofits/full_text/202532549349101503/IRS990PF
The Ahmanson Foundation,2024,990-PF-XV,OBA FOUNDATION,,LOS ANGELES,CA,2500,,,TOWARD OPERATION SHOES FROM SANTA 2024,https://projects.propublica.org/nonprofits/full_text/202532549349101503/IRS990PF
The Ahmanson Foundation,2024,990-PF-XV,COLLEGE ACCESS PARTNERSHIP INC,,MONTROSE,CA,2000,,,TOWARD GENERAL SUPPORT,https://projects.propublica.org/nonprofits/full_text/202532549349101503/IRS990PF
The Ahmanson Foundation,2024,990-PF-XV,DREAM ORCHESTRA INC,,LOS ANGELES,CA,2000,,,TOWARD GENERAL SUPPORT,https://projects.propublica.org/nonprofits/full_text/202532549349101503/IRS990PF
The Ahmanson Foundation,2024,990-PF-XV,PITTSBURGH GLASS CENTER INC,,PITTSBURGH,PA,2000,,,TOWARD GENERAL SUPPORT,https://projects.propublica.org/nonprofits/full_text/202532549349101503/IRS990PF
