ein,name,city,state,ntee,subsection,ruling,year,form,total_revenue,total_expenses,contributions,program_revenue,investment_income,total_assets,total_liabilities,pdf,error
954776451,Gentle Barn Foundation,Santa Clarita,CA,D60,3,2000-03-01,2023,990,4409931,4776143,3011554,1262735,6887,3383087,418627,,
954776451,Gentle Barn Foundation,Santa Clarita,CA,D60,3,2000-03-01,2022,990,4498384,4368819,3239031,932980,2888,3819719,489047,,
954776451,Gentle Barn Foundation,Santa Clarita,CA,D60,3,2000-03-01,2021,990,3999970,3320372,2439760,537706,16,3442306,241199,https://projects.propublica.org/nonprofits/download-filing?path=IRS%2F954776451_202112_990_2023011020750814.pdf,
954776451,Gentle Barn Foundation,Santa Clarita,CA,D60,3,2000-03-01,2020,990,2698193,3077510,2440599,234450,63,3071525,550016,,
954776451,Gentle Barn Foundation,Santa Clarita,CA,D60,3,2000-03-01,2019,990,3513525,3424352,2929894,454649,25,3261059,360233,https://projects.propublica.org/nonprofits/download-filing?path=01_2021_prefixes_95-99%2F954776451_201912_990_2021012117619061.pdf,
954776451,Gentle Barn Foundation,Santa Clarita,CA,D60,3,2000-03-01,2018,990,3794257,3314914,3523905,201562,171,2996114,184461,https://projects.propublica.org/nonprofits/download-filing?path=10_2019_prefixes_95-99%2F954776451_201812_990_2019102816788664.pdf,
954776451,Gentle Barn Foundation,Santa Clarita,CA,D60,3,2000-03-01,2017,990,3253485,2471832,2907035,322450,121,2468302,135992,https://projects.propublica.org/nonprofits/download-filing?path=10_2018_prefixes_94-95%2F954776451_201712_990_2018101915812819.pdf,
954776451,Gentle Barn Foundation,Santa Clarita,CA,D60,3,2000-03-01,2016,990,2419889,2505337,2144640,232938,33,1791962,241305,https://projects.propublica.org/nonprofits/download-filing?path=12_2017_prefixes_94-99%2F954776451_201612_990_2017120114998768.pdf,
954776451,Gentle Barn Foundation,Santa Clarita,CA,D60,3,2000-03-01,2015,990,2003365,1953170,1739428,252376,49,1793515,157410,https://projects.propublica.org/nonprofits/download-filing?path=2017_01_EO%2F95-4776451_990_201512.pdf,
954776451,Gentle Barn Foundation,Santa Clarita,CA,D60,3,2000-03-01,2014,990,1824825,1705957,1469501,329696,88,1703686,121033,https://projects.propublica.org/nonprofits/download-filing?path=2016_01_EO%2F13-136719_91390_954776451.pdf,
954776451,Gentle Barn Foundation,Santa Clarita,CA,D60,3,2000-03-01,2013,990,1742382,1780065,1531013,207661,28,1621527,157742,https://projects.propublica.org/nonprofits/download-filing?path=2014_12_EO%2F95-4776451_990_201312.pdf,
954776451,Gentle Barn Foundation,Santa Clarita,CA,D60,3,2000-03-01,2012,990,1592592,1584293,1538998,53074,26,1553649,52181,https://projects.propublica.org/nonprofits/download-filing?path=2014_01_EO%2F95-4776451_990_201212.pdf,
954776451,Gentle Barn Foundation,Santa Clarita,CA,D60,3,2000-03-01,2011,990,1297412,1362568,1229056,39375,209,1493169,0,https://projects.propublica.org/nonprofits/download-filing?path=2012_12_EO%2F95-4776451_990_201112.pdf,
954776451,Gentle Barn Foundation,Santa Clarita,CA,D60,3,2000-03-01,2010,990,1120247,948838,1112280,18850,71,1558326,0,https://projects.propublica.org/nonprofits/download-filing?path=2012_12_EO%2F95-4776451_990_201012.pdf,
464050562,Kindred Spirits Care Farm,Chatsworth,CA,P20,3,2014-08-01,2023,990,198114,162539,198114,0,0,1481009,1335000,https://projects.propublica.org/nonprofits/download-filing?path=IRS%2F464050562_202312_990_2025020623077808.pdf,
464050562,Kindred Spirits Care Farm,Chatsworth,CA,P20,3,2014-08-01,2022,990,223320,172141,223320,0,0,1470434,1360000,,
464050562,Kindred Spirits Care Farm,Chatsworth,CA,P20,3,2014-08-01,2021,990,169168,180738,162803,6365,0,1360065,1320000,https://projects.propublica.org/nonprofits/download-filing?path=IRS%2F464050562_202112_990_2023030921067742.pdf,
464050562,Kindred Spirits Care Farm,Chatsworth,CA,P20,3,2014-08-01,2020,990,113488,165065,111445,186,0,1313570,1260000,https://projects.propublica.org/nonprofits/download-filing?path=05_2021_prefixes_46-46%2F464050562_202012_990_2021052618200055.pdf,
464050562,Kindred Spirits Care Farm,Chatsworth,CA,P20,3,2014-08-01,2019,990,90617,130999,90617,0,0,1230115,0,https://projects.propublica.org/nonprofits/download-filing?path=09_2020_prefixes_46-46%2F464050562_201912_990_2020091817311163.pdf,
464050562,Kindred Spirits Care Farm,Chatsworth,CA,P20,3,2014-08-01,2018,990-EZ,76038,57839,,,,70497,0,https://projects.propublica.org/nonprofits/download-filing?path=05_2019_prefixes_46-46%2F464050562_201812_990EZ_2019052316336957.pdf,
831021900,Sanctuary Animal Assisted Therapy,Canyon Cntry,CA,D20,3,2019-04-01,2023,990-EZ,143333,125569,,,,17775,93422,https://projects.propublica.org/nonprofits/download-filing?path=IRS%2F831021900_202312_990EZ_2025040823305989.pdf,
831021900,Sanctuary Animal Assisted Therapy,Canyon Cntry,CA,D20,3,2019-04-01,2022,990-EZ,95250,98677,,,,1,93411,https://projects.propublica.org/nonprofits/download-filing?path=download990pdf_12_2023_prefixes_82-83%2F831021900_202212_990EZ_2023121422118485.pdf,
831021900,Sanctuary Animal Assisted Therapy,Canyon Cntry,CA,D20,3,2019-04-01,2021,990-EZ,62867,132843,,,,1641,71425,https://projects.propublica.org/nonprofits/download-filing?path=IRS%2F831021900_202112_990EZ_2023051721258754.pdf,
831021900,Sanctuary Animal Assisted Therapy,Canyon Cntry,CA,D20,3,2019-04-01,2020,990-EZ,77270,71158,,,,6112,0,https://projects.propublica.org/nonprofits/download-filing?path=06_2021_prefixes_82-83%2F831021900_202012_990EZ_2021060318255038.pdf,
953165603,Ahead With Horses Inc,Shadow Hills,CA,E500,3,1978-04-01,2023,990,262247,317211,230815,0,3172,1200219,338267,https://projects.propublica.org/nonprofits/download-filing?path=download990pdf_02_2024_prefixes_93-99%2F953165603_202306_990_2024022022297470.pdf,
953165603,Ahead With Horses Inc,Shadow Hills,CA,E500,3,1978-04-01,2022,990,238186,306392,222645,0,2189,1251946,340557,https://projects.propublica.org/nonprofits/download-filing?path=download990pdf_05_2023_prefixes_94-95%2F953165603_202206_990_2023053021322408.pdf,
953165603,Ahead With Horses Inc,Shadow Hills,CA,E500,3,1978-04-01,2021,990,322506,263353,310052,0,2712,1314165,366012,,
953165603,Ahead With Horses Inc,Shadow Hills,CA,E500,3,1978-04-01,2020,990,352196,288003,335044,0,3714,1224454,370352,https://projects.propublica.org/nonprofits/download-filing?path=04_2021_prefixes_94-95%2F953165603_202006_990_2021040117851049.pdf,
953165603,Ahead With Horses Inc,Shadow Hills,CA,E500,3,1978-04-01,2019,990,330530,309998,303624,0,4853,1588962,743390,https://projects.propublica.org/nonprofits/download-filing?path=IRS%2F953165603_201906_990_2020011317023508.pdf,
953165603,Ahead With Horses Inc,Shadow Hills,CA,E500,3,1978-04-01,2018,990,274758,294494,259963,0,1820,1569990,754537,https://projects.propublica.org/nonprofits/download-filing?path=02_2019_prefixes_95-99%2F953165603_201806_990_2019020116051747.pdf,
953165603,Ahead With Horses Inc,Shadow Hills,CA,E500,3,1978-04-01,2017,990,315355,298378,300335,0,2411,817741,0,https://projects.propublica.org/nonprofits/download-filing?path=12_2017_prefixes_94-99%2F953165603_201706_990_2017120415003573.pdf,
953165603,Ahead With Horses Inc,Shadow Hills,CA,E500,3,1978-04-01,2016,990,387341,325953,369218,0,4486,800222,0,https://projects.propublica.org/nonprofits/download-filing?path=2017_01_EO%2F95-3165603_990_201606.pdf,
953165603,Ahead With Horses Inc,Shadow Hills,CA,E500,3,1978-04-01,2015,990,290561,511541,273452,0,2711,711156,0,https://projects.propublica.org/nonprofits/download-filing?path=2016_01_EO%2F13-095592_91040_953165603.pdf,
953165603,Ahead With Horses Inc,Shadow Hills,CA,E500,3,1978-04-01,2014,990,514776,301300,542617,0,2409,1032324,99500,https://projects.propublica.org/nonprofits/download-filing?path=2014_11_EO%2F95-3165603_990_201406.pdf,
953165603,Ahead With Horses Inc,Shadow Hills,CA,E500,3,1978-04-01,2013,990,271548,240757,249553,0,904,799597,99500,https://projects.propublica.org/nonprofits/download-filing?path=2013_12_EO%2F95-3165603_990_201306.pdf,
953165603,Ahead With Horses Inc,Shadow Hills,CA,E500,3,1978-04-01,2012,990,350853,269057,308209,0,632,767235,99500,https://projects.propublica.org/nonprofits/download-filing?path=2013_01_EO%2F95-3165603_990_201206.pdf,
953165603,Ahead With Horses Inc,Shadow Hills,CA,E500,3,1978-04-01,2011,990,323615,297615,286662,0,975,586511,138500,https://projects.propublica.org/nonprofits/download-filing?path=2011_12_EO%2F95-3165603_990_201106.pdf,
954465783,Ride On L A,Chatsworth,CA,P80,3,1994-09-01,2023,990,2483752,2114200,776073,1548519,19,3835310,583239,https://projects.propublica.org/nonprofits/download-filing?path=IRS%2F954465783_202312_990_2024071022676446.pdf,
954465783,Ride On L A,Chatsworth,CA,P80,3,1994-09-01,2022,990,2001832,1850096,629924,1263985,90,3519703,637184,https://projects.propublica.org/nonprofits/download-filing?path=download990pdf_11_2023_prefixes_94-99%2F954465783_202212_990_2023110221848518.pdf,
954465783,Ride On L A,Chatsworth,CA,P80,3,1994-09-01,2021,990,1914115,1528737,769413,1033354,112,3422208,691425,https://projects.propublica.org/nonprofits/download-filing?path=IRS%2F954465783_202112_990_2023013020843677.pdf,
954465783,Ride On L A,Chatsworth,CA,P80,3,1994-09-01,2020,990,1416609,1450647,353075,994373,136,3151576,806171,https://projects.propublica.org/nonprofits/download-filing?path=download990pdf_10_2022_prefixes_95-99%2F954465783_202012_990_2022102520543968.pdf,
954465783,Ride On L A,Chatsworth,CA,P80,3,1994-09-01,2019,990,1259739,1164915,266559,724409,1248,3100306,720863,https://projects.propublica.org/nonprofits/download-filing?path=04_2021_prefixes_95-99%2F954465783_201912_990_2021040217868070.pdf,
954465783,Ride On L A,Chatsworth,CA,P80,3,1994-09-01,2018,990,832054,883701,157665,523990,1026,2976364,691745,https://projects.propublica.org/nonprofits/download-filing?path=IRS%2F954465783_201812_990_2020013017088827.pdf,
954465783,Ride On L A,Chatsworth,CA,P80,3,1994-09-01,2017,990,945642,944908,191244,475572,221,3032273,696007,https://projects.propublica.org/nonprofits/download-filing?path=02_2019_prefixes_95-99%2F954465783_201712_990_2019021516100774.pdf,
954465783,Ride On L A,Chatsworth,CA,P80,3,1994-09-01,2016,990,979048,976626,347072,334833,37,3064684,721018,https://projects.propublica.org/nonprofits/download-filing?path=01_2018_prefixes_95-99%2F954465783_201612_990_2018010315075694.pdf,
954465783,Ride On L A,Chatsworth,CA,P80,3,1994-09-01,2015,990,1226472,1049741,436349,598799,277,3064269,1365692,https://projects.propublica.org/nonprofits/download-filing?path=2017_04_EO%2F95-4465783_990_201512.pdf,
954465783,Ride On L A,Chatsworth,CA,P80,3,1994-09-01,2014,990,1274864,988515,497178,472689,377,2923962,750948,https://projects.propublica.org/nonprofits/download-filing?path=2016_07_EO%2F95-4465783_990_201412.pdf,
954465783,Ride On L A,Chatsworth,CA,P80,3,1994-09-01,2013,990,1135907,1041499,531778,426124,398,2661121,774375,https://projects.propublica.org/nonprofits/download-filing?path=2014_12_EO%2F95-4465783_990_201312.pdf,
954465783,Ride On L A,Chatsworth,CA,P80,3,1994-09-01,2012,990,770126,915732,152419,388944,41,2589240,798164,https://projects.propublica.org/nonprofits/download-filing?path=2013_12_EO%2F95-4465783_990_201212.pdf,
954465783,Ride On L A,Chatsworth,CA,P80,3,1994-09-01,2011,990,1104140,820460,554246,343474,448,2746239,809686,https://projects.propublica.org/nonprofits/download-filing?path=2012_12_EO%2F95-4465783_990_201112.pdf,
954465783,Ride On L A,Chatsworth,CA,P80,3,1994-09-01,2010,990,1166482,824055,611863,321438,594,2487698,834238,https://projects.propublica.org/nonprofits/download-filing?path=2011_12_EO%2F95-4465783_990_201012.pdf,
262162310,Spring Of Evolution Inc,Acton,CA,O50,3,2008-09-01,2023,990,3274937,3595483,3274561,0,16,2069658,2445887,https://projects.propublica.org/nonprofits/download-filing?path=IRS%2F262162310_202312_990_2025021923105871.pdf,
262162310,Spring Of Evolution Inc,Acton,CA,O50,3,2008-09-01,2022,990,2496663,2863215,2524602,0,1652,2283171,2452322,https://projects.propublica.org/nonprofits/download-filing?path=download990pdf_01_2024_prefixes_26-26%2F262162310_202212_990_2024010422168929.pdf,
262162310,Spring Of Evolution Inc,Acton,CA,O50,3,2008-09-01,2021,990,1468748,1382046,1468386,0,48,2309774,1859855,https://projects.propublica.org/nonprofits/download-filing?path=IRS%2F262162310_202112_990_2023051221224037.pdf,
262162310,Spring Of Evolution Inc,Acton,CA,O50,3,2008-09-01,2020,990,871628,568661,592908,281772,24,1393439,991899,https://projects.propublica.org/nonprofits/download-filing?path=IRS%2F262162310_202012_990_2022010719414090.pdf,
262162310,Spring Of Evolution Inc,Acton,CA,O50,3,2008-09-01,2019,990,1241067,1145810,658429,587725,145,1334588,1030559,https://projects.propublica.org/nonprofits/download-filing?path=03_2021_prefixes_23-26%2F262162310_201912_990_2021030117773908.pdf,
262162310,Spring Of Evolution Inc,Acton,CA,O50,3,2008-09-01,2018,990,1216691,1020227,916264,0,20,1181225,972453,https://projects.propublica.org/nonprofits/download-filing?path=12_2019_prefixes_26-27%2F262162310_201812_990_2019122016974293.pdf,
262162310,Spring Of Evolution Inc,Acton,CA,O50,3,2008-09-01,2017,990,1100956,923343,1089993,0,18,1314293,27946,https://projects.propublica.org/nonprofits/download-filing?path=10_2018_prefixes_26-27%2F262162310_201712_990_2018101515794278.pdf,
262162310,Spring Of Evolution Inc,Acton,CA,O50,3,2008-09-01,2016,990,839567,856184,833526,0,1,1080070,0,https://projects.propublica.org/nonprofits/download-filing?path=IRS%2F262162310_201612_990_2018031215213327.pdf,
262162310,Spring Of Evolution Inc,Acton,CA,O50,3,2008-09-01,2015,990,650583,780007,542765,0,0,1141346,0,https://projects.propublica.org/nonprofits/download-filing?path=2016_12_EO%2F26-2162310_990_201512.pdf,
262162310,Spring Of Evolution Inc,Acton,CA,O50,3,2008-09-01,2014,990,499169,297750,499169,0,0,258633,0,https://projects.propublica.org/nonprofits/download-filing?path=2015_08_EO%2F26-2162310_990_201412.pdf,
262162310,Spring Of Evolution Inc,Acton,CA,O50,3,2008-09-01,2013,990,141261,151533,114269,0,0,53325,0,https://projects.propublica.org/nonprofits/download-filing?path=2014_11_EO%2F26-2162310_990_201312.pdf,
262162310,Spring Of Evolution Inc,Acton,CA,O50,3,2008-09-01,2012,990,91887,92373,77353,0,0,982,0,https://projects.propublica.org/nonprofits/download-filing?path=2013_11_EO%2F26-2162310_990_201212.pdf,
262162310,Spring Of Evolution Inc,Acton,CA,O50,3,2008-09-01,2011,990,133120,57346,127733,5387,0,1468,0,https://projects.propublica.org/nonprofits/download-filing?path=2012_11_EO%2F26-2162310_990_201112.pdf,
262162310,Spring Of Evolution Inc,Acton,CA,O50,3,2008-09-01,2010,990,65971,67177,65967,0,4,-1206,4641,https://projects.propublica.org/nonprofits/download-filing?path=2012_10_EO%2F26-2162310_990_201012.pdf,
830548967,Compton Junior Equestrians,Compton,CA,N69,3,2018-06-01,2022,990,507648,501171,507648,0,0,32297,0,https://projects.propublica.org/nonprofits/download-filing?path=download990pdf_01_2024_prefixes_82-83%2F830548967_202212_990_2024010322162266.pdf,
830548967,Compton Junior Equestrians,Compton,CA,N69,3,2018-06-01,2021,990,368311,389999,337575,0,0,69244,0,https://projects.propublica.org/nonprofits/download-filing?path=IRS%2F830548967_202112_990_2023013120857319.pdf,
830548967,Compton Junior Equestrians,Compton,CA,N69,3,2018-06-01,2020,990-EZ,349270,278589,,,,90932,0,,
830548967,Compton Junior Equestrians,Compton,CA,N69,3,2018-06-01,2019,990-EZ,120884,200613,,,,23074,0,https://projects.propublica.org/nonprofits/download-filing?path=06_2021_prefixes_82-83%2F830548967_201912_990EZ_2021060318250333.pdf,
263464770,Forget Me Not Childrens Services,Santa Rosa,CA,P30,3,2009-02-01,2024,990,422423,406938,359843,0,0,305145,17132,https://projects.propublica.org/nonprofits/download-filing?path=IRS%2F263464770_202406_990_2025022823132613.pdf,
263464770,Forget Me Not Childrens Services,Santa Rosa,CA,P30,3,2009-02-01,2023,990,499736,434118,498986,750,0,301813,29285,https://projects.propublica.org/nonprofits/download-filing?path=IRS%2F263464770_202306_990_2024041022358145.pdf,
263464770,Forget Me Not Childrens Services,Santa Rosa,CA,P30,3,2009-02-01,2022,990,328923,418797,326780,6891,0,240820,33910,https://projects.propublica.org/nonprofits/download-filing?path=IRS%2F263464770_202206_990_2023060521372539.pdf,
263464770,Forget Me Not Childrens Services,Santa Rosa,CA,P30,3,2009-02-01,2021,990,399359,360139,392693,6666,0,362968,66184,https://projects.propublica.org/nonprofits/download-filing?path=download990pdf_03_2022_prefixes_26-31%2F263464770_202106_990_2022031619760534.pdf,
263464770,Forget Me Not Childrens Services,Santa Rosa,CA,P30,3,2009-02-01,2020,990,499579,358046,465654,33925,0,332515,74951,https://projects.propublica.org/nonprofits/download-filing?path=04_2021_prefixes_26-26%2F263464770_202006_990_2021040617900450.pdf,
263464770,Forget Me Not Childrens Services,Santa Rosa,CA,P30,3,2009-02-01,2019,990,465234,446444,405594,59640,0,181993,65962,https://projects.propublica.org/nonprofits/download-filing?path=08_2020_prefixes_26-27%2F263464770_201906_990_2020081117228055.pdf,
263464770,Forget Me Not Childrens Services,Santa Rosa,CA,P30,3,2009-02-01,2018,990,502526,388863,445191,57335,0,148174,50933,https://projects.propublica.org/nonprofits/download-filing?path=03_2019_prefixes_25-27%2F263464770_201806_990_2019030116136623.pdf,
263464770,Forget Me Not Childrens Services,Santa Rosa,CA,P30,3,2009-02-01,2017,990,327989,371429,254392,73597,0,33893,50315,https://projects.propublica.org/nonprofits/download-filing?path=01_2018_prefixes_26-27%2F263464770_201706_990_2018010815094471.pdf,
263464770,Forget Me Not Childrens Services,Santa Rosa,CA,P30,3,2009-02-01,2016,990,332010,360281,267378,64632,0,98773,71755,https://projects.propublica.org/nonprofits/download-filing?path=IRS%2F263464770_201606_990_2017071914574995.pdf,
263464770,Forget Me Not Childrens Services,Santa Rosa,CA,P30,3,2009-02-01,2015,990,334254,396040,273501,60753,0,116823,61534,https://projects.propublica.org/nonprofits/download-filing?path=2016_07_EO%2F26-3464770_990_201506.pdf,
263464770,Forget Me Not Childrens Services,Santa Rosa,CA,P30,3,2009-02-01,2014,990,338368,295415,265087,73281,0,429577,82876,https://projects.propublica.org/nonprofits/download-filing?path=2015_07_EO%2F26-3464770_990_201406.pdf,
263464770,Forget Me Not Childrens Services,Santa Rosa,CA,P30,3,2009-02-01,2013,990,376245,347113,314880,61365,0,356383,52635,https://projects.propublica.org/nonprofits/download-filing?path=2014_06_EO%2F26-3464770_990_201306.pdf,
263464770,Forget Me Not Childrens Services,Santa Rosa,CA,P30,3,2009-02-01,2012,990,416565,315573,351778,64787,0,321185,46569,https://projects.propublica.org/nonprofits/download-filing?path=2013_03_EO%2F26-3464770_990_201206.pdf,
263464770,Forget Me Not Childrens Services,Santa Rosa,CA,P30,3,2009-02-01,2011,990,411240,296903,339810,71430,0,218609,44985,https://projects.propublica.org/nonprofits/download-filing?path=2012_06_EO%2F26-3464770_990_201106.pdf,
471570910,Coastal Roots Farm,Encinitas,CA,,3,2015-12-01,2023,990,2841291,2838113,2105745,720911,11307,959105,215971,https://projects.propublica.org/nonprofits/download-filing?path=download990pdf_02_2024_prefixes_45-52%2F471570910_202309_990_2024022022292504.pdf,
471570910,Coastal Roots Farm,Encinitas,CA,,3,2015-12-01,2022,990,2532454,2388550,1874495,663581,106,939732,199776,https://projects.propublica.org/nonprofits/download-filing?path=download990pdf_06_2023_prefixes_46-52%2F471570910_202209_990_2023060521372026.pdf,
471570910,Coastal Roots Farm,Encinitas,CA,,3,2015-12-01,2021,990,2413137,2081389,1892579,528526,71,999012,402960,,
471570910,Coastal Roots Farm,Encinitas,CA,,3,2015-12-01,2020,990,1833757,1771063,1540644,299478,21,569026,304722,,
471570910,Coastal Roots Farm,Encinitas,CA,,3,2015-12-01,2019,990,1581608,1510621,1378831,202777,0,324875,123265,https://projects.propublica.org/nonprofits/download-filing?path=10_2020_prefixes_46-47%2F471570910_201909_990_2020101317369512.pdf,
471570910,Coastal Roots Farm,Encinitas,CA,,3,2015-12-01,2018,990,1220510,1221879,1079666,140844,0,222811,92188,https://projects.propublica.org/nonprofits/download-filing?path=10_2019_prefixes_46-47%2F471570910_201809_990_2019102116766240.pdf,
471570910,Coastal Roots Farm,Encinitas,CA,,3,2015-12-01,2017,990,1100076,1096922,948664,151412,0,167819,35827,https://projects.propublica.org/nonprofits/download-filing?path=10_2018_prefixes_47-47%2F471570910_201709_990_2018101515793697.pdf,
471570910,Coastal Roots Farm,Encinitas,CA,,3,2015-12-01,2016,990,966469,837631,903212,63257,0,238484,109646,https://projects.propublica.org/nonprofits/download-filing?path=IRS%2F471570910_201609_990_2017082814680677.pdf,
274349643,Urban Adamah,Berkeley,CA,C60,3,2011-09-01,2023,990,2759922,3208735,1696450,766724,23263,17474563,492199,https://projects.propublica.org/nonprofits/download-filing?path=IRS%2F274349643_202312_990_2025012923052502.pdf,
274349643,Urban Adamah,Berkeley,CA,C60,3,2011-09-01,2022,990,2648200,2859956,1795996,637718,0,18058847,593715,,
274349643,Urban Adamah,Berkeley,CA,C60,3,2011-09-01,2021,990,4077562,2649674,3404805,583394,0,17957926,271038,https://projects.propublica.org/nonprofits/download-filing?path=IRS%2F274349643_202112_990_2023031021081172.pdf,
274349643,Urban Adamah,Berkeley,CA,C60,3,2011-09-01,2020,990,3685218,2144982,3111770,231853,4327,17081597,822597,,
274349643,Urban Adamah,Berkeley,CA,C60,3,2011-09-01,2019,990,3418270,2361148,2722388,676279,0,15036537,317773,https://projects.propublica.org/nonprofits/download-filing?path=04_2021_prefixes_27-27%2F274349643_201912_990_2021040517881225.pdf,
274349643,Urban Adamah,Berkeley,CA,C60,3,2011-09-01,2018,990,5517969,2015410,5020378,476998,0,13835781,174139,https://projects.propublica.org/nonprofits/download-filing?path=10_2019_prefixes_27-31%2F274349643_201812_990_2019102916790567.pdf,
274349643,Urban Adamah,Berkeley,CA,C60,3,2011-09-01,2017,990,2643694,1527782,2231711,447626,1379,10394022,234939,,
274349643,Urban Adamah,Berkeley,CA,C60,3,2011-09-01,2016,990,3165991,1316904,2846255,292309,5160,9204116,160945,https://projects.propublica.org/nonprofits/download-filing?path=IRS%2F274349643_201612_990_2017091514743048.pdf,
274349643,Urban Adamah,Berkeley,CA,C60,3,2011-09-01,2015,990,3926755,977090,3677418,243320,389,7765860,571776,https://projects.propublica.org/nonprofits/download-filing?path=2017_01_EO%2F27-4349643_990_201512.pdf,
274349643,Urban Adamah,Berkeley,CA,C60,3,2011-09-01,2014,990,1958129,872367,1724129,225659,0,4836805,666449,https://projects.propublica.org/nonprofits/download-filing?path=2016_01_EO%2F13-145004_94710_274349643.pdf,
274349643,Urban Adamah,Berkeley,CA,C60,3,2011-09-01,2013,990,3455676,750587,3244094,198810,0,3909396,824802,https://projects.propublica.org/nonprofits/download-filing?path=2014_07_EO%2F27-4349643_990_201312.pdf,
274349643,Urban Adamah,Berkeley,CA,C60,3,2011-09-01,2012,990,778146,558528,598938,168053,0,392650,13145,https://projects.propublica.org/nonprofits/download-filing?path=2013_08_EO%2F27-4349643_990_201212.pdf,
274349643,Urban Adamah,Berkeley,CA,C60,3,2011-09-01,2011,990,480188,428393,406262,73926,0,166383,6496,https://projects.propublica.org/nonprofits/download-filing?path=2012_08_EO%2F27-4349643_990_201112.pdf,
841652923,Shalom Institute Camp And Conference Center,Malibu,CA,O550,3,2006-02-01,2023,990,7877161,6968780,4602606,2034639,743473,39475717,1688488,https://projects.propublica.org/nonprofits/download-filing?path=IRS%2F841652923_202312_990_2025030523158584.pdf,
841652923,Shalom Institute Camp And Conference Center,Malibu,CA,O550,3,2006-02-01,2022,990,31238890,6100956,2903738,2086184,573874,38728420,1849572,https://projects.propublica.org/nonprofits/download-filing?path=download990pdf_01_2024_prefixes_83-84%2F841652923_202212_990_2024010322158868.pdf,
841652923,Shalom Institute Camp And Conference Center,Malibu,CA,O550,3,2006-02-01,2021,990,4928514,5107188,2850120,1994465,0,15030058,3289144,https://projects.propublica.org/nonprofits/download-filing?path=IRS%2F841652923_202112_990_2023051221220412.pdf,
841652923,Shalom Institute Camp And Conference Center,Malibu,CA,O550,3,2006-02-01,2020,990,1996265,2560050,1747650,94120,0,13971077,2029060,,
841652923,Shalom Institute Camp And Conference Center,Malibu,CA,O550,3,2006-02-01,2019,990,10832680,5305810,1672426,2182070,0,13420753,937380,https://projects.propublica.org/nonprofits/download-filing?path=03_2021_prefixes_82-85%2F841652923_201912_990_2021030217782269.pdf,
841652923,Shalom Institute Camp And Conference Center,Malibu,CA,O550,3,2006-02-01,2018,990,4774587,6853466,1416440,3358229,1,6974285,1123635,https://projects.propublica.org/nonprofits/download-filing?path=06_2020_prefixes_82-87%2F841652923_201812_990_2020060517178420.pdf,
841652923,Shalom Institute Camp And Conference Center,Malibu,CA,O550,3,2006-02-01,2017,990,4457260,4403061,1130867,3326386,7,9605347,1277636,https://projects.propublica.org/nonprofits/download-filing?path=03_2019_prefixes_84-92%2F841652923_201712_990_2019030416140633.pdf,
841652923,Shalom Institute Camp And Conference Center,Malibu,CA,O550,3,2006-02-01,2016,990,4311575,4226877,1074114,3237440,21,9191844,1018218,https://projects.propublica.org/nonprofits/download-filing?path=12_2017_prefixes_84-91%2F841652923_201612_990_2017122815063682.pdf,
841652923,Shalom Institute Camp And Conference Center,Malibu,CA,O550,3,2006-02-01,2015,990,10137847,4041606,6983739,3154108,0,8962152,881222,https://projects.propublica.org/nonprofits/download-filing?path=2017_03_EO%2F84-1652923_990_201512.pdf,
841652923,Shalom Institute Camp And Conference Center,Malibu,CA,O550,3,2006-02-01,2014,990,4036704,3947213,1051877,2984827,0,2596598,660955,https://projects.propublica.org/nonprofits/download-filing?path=2016_01_EO%2F13-135816_90265_841652923.pdf,
841652923,Shalom Institute Camp And Conference Center,Malibu,CA,O550,3,2006-02-01,2013,990,3639658,3499065,898046,2741612,0,2271530,425378,https://projects.propublica.org/nonprofits/download-filing?path=2014_12_EO%2F84-1652923_990_201312.pdf,
841652923,Shalom Institute Camp And Conference Center,Malibu,CA,O550,3,2006-02-01,2012,990,3016939,3086556,459215,2557724,0,2133998,428439,https://projects.propublica.org/nonprofits/download-filing?path=2013_12_EO%2F84-1652923_990_201212.pdf,
841652923,Shalom Institute Camp And Conference Center,Malibu,CA,O550,3,2006-02-01,2011,990,3727969,3069558,1322755,2405173,41,2167350,392174,https://projects.propublica.org/nonprofits/download-filing?path=2012_12_EO%2F84-1652923_990_201112.pdf,
811569698,Belev Echad Inc,New York,NY,P20,3,2017-03-01,2023,990,11501287,7546531,11501287,0,0,9617289,4003190,https://projects.propublica.org/nonprofits/download-filing?path=IRS%2F811569698_202312_990_2025021923114944.pdf,
811569698,Belev Echad Inc,New York,NY,P20,3,2017-03-01,2022,990,3994829,2675269,3994829,0,0,6286893,4598850,https://projects.propublica.org/nonprofits/download-filing?path=download990pdf_01_2024_prefixes_80-81%2F811569698_202212_990_2024010922192343.pdf,
811569698,Belev Echad Inc,New York,NY,P20,3,2017-03-01,2021,990,2224263,1993342,2224263,0,0,908000,513915,https://projects.propublica.org/nonprofits/download-filing?path=download990pdf_01_2023_prefixes_74-94%2F811569698_202112_990_2023013120859864.pdf,
811569698,Belev Echad Inc,New York,NY,P20,3,2017-03-01,2020,990,1330151,1341704,1330151,0,0,457298,278759,,
811569698,Belev Echad Inc,New York,NY,P20,3,2017-03-01,2019,990,1959681,1874499,1959681,0,0,199008,8916,https://projects.propublica.org/nonprofits/download-filing?path=04_2021_prefixes_81-81%2F811569698_201912_990_2021040217864339.pdf,
811569698,Belev Echad Inc,New York,NY,P20,3,2017-03-01,2018,990,1443322,1424738,1496103,0,0,117474,0,https://projects.propublica.org/nonprofits/download-filing?path=05_2019_prefixes_77-81%2F811569698_201812_990_2019051716311859.pdf,
811569698,Belev Echad Inc,New York,NY,P20,3,2017-03-01,2017,990,157419,58529,252910,0,0,98890,0,https://projects.propublica.org/nonprofits/download-filing?path=12_2018_prefixes_80-82%2F811569698_201712_990_2018120615977959.pdf,
272037965,Heroes To Heroes Foundation,Boynton Beach,FL,Q30,3,2010-08-01,2023,990,626994,614987,578041,37925,10870,808474,19893,https://projects.propublica.org/nonprofits/download-filing?path=IRS%2F272037965_202312_990_2025021123092853.pdf,
272037965,Heroes To Heroes Foundation,Boynton Beach,FL,Q30,3,2010-08-01,2022,990,694775,548336,693866,0,909,805274,34536,https://projects.propublica.org/nonprofits/download-filing?path=download990pdf_01_2024_prefixes_26-27%2F272037965_202212_990_2024010522190150.pdf,
272037965,Heroes To Heroes Foundation,Boynton Beach,FL,Q30,3,2010-08-01,2021,990,750530,251123,750382,0,148,676104,51805,https://projects.propublica.org/nonprofits/download-filing?path=download990pdf_01_2023_prefixes_26-46%2F272037965_202112_990_2023013120860774.pdf,
272037965,Heroes To Heroes Foundation,Boynton Beach,FL,Q30,3,2010-08-01,2020,990,188728,321444,184560,0,407,176527,51376,https://projects.propublica.org/nonprofits/download-filing?path=IRS%2F272037965_202012_990_2022010719414740.pdf,
272037965,Heroes To Heroes Foundation,Boynton Beach,FL,Q30,3,2010-08-01,2019,990,574157,714729,508279,0,5203,272569,14702,https://projects.propublica.org/nonprofits/download-filing?path=02_2021_prefixes_26-27%2F272037965_201912_990_2021022417748269.pdf,
272037965,Heroes To Heroes Foundation,Boynton Beach,FL,Q30,3,2010-08-01,2018,990,689755,688135,743337,0,1655,428820,30381,https://projects.propublica.org/nonprofits/download-filing?path=12_2019_prefixes_26-27%2F272037965_201812_990_2019121316955338.pdf,
272037965,Heroes To Heroes Foundation,Boynton Beach,FL,Q30,3,2010-08-01,2017,990,744725,516682,673397,0,296,415428,18041,https://projects.propublica.org/nonprofits/download-filing?path=02_2019_prefixes_26-27%2F272037965_201712_990_2019021116085332.pdf,
272037965,Heroes To Heroes Foundation,Boynton Beach,FL,Q30,3,2010-08-01,2016,990,328208,285246,272067,0,14,207909,38710,https://projects.propublica.org/nonprofits/download-filing?path=IRS%2F272037965_201612_990_2017102414879482.pdf,
272037965,Heroes To Heroes Foundation,Boynton Beach,FL,Q30,3,2010-08-01,2015,990-EZ,164811,131217,,,,123423,0,https://projects.propublica.org/nonprofits/download-filing?path=2016_08_EO%2F27-2037965_990EZ_201512.pdf,
272037965,Heroes To Heroes Foundation,Boynton Beach,FL,Q30,3,2010-08-01,2014,990-EZ,115522,116617,,,,89829,0,https://projects.propublica.org/nonprofits/download-filing?path=2015_07_EO%2F27-2037965_990EZ_201412.pdf,
272037965,Heroes To Heroes Foundation,Boynton Beach,FL,Q30,3,2010-08-01,2013,990-EZ,126630,64024,,,,90924,0,https://projects.propublica.org/nonprofits/download-filing?path=2014_10_EO%2F27-2037965_990EZ_201312.pdf,
272037965,Heroes To Heroes Foundation,Boynton Beach,FL,Q30,3,2010-08-01,2012,990-EZ,52908,56924,,,,30733,0,https://projects.propublica.org/nonprofits/download-filing?path=2013_12_EO%2F27-2037965_990EZ_201212.pdf,
272037965,Heroes To Heroes Foundation,Boynton Beach,FL,Q30,3,2010-08-01,2011,990-EZ,54799,28686,,,,40045,0,https://projects.propublica.org/nonprofits/download-filing?path=2013_02_EO%2F27-2037965_990EZ_201112.pdf,
223951652,Israeli-american Council,Woodland Hls,CA,P20,3,2008-01-01,2023,990,15860716,18079638,14144021,1470831,627798,34430063,1799177,https://projects.propublica.org/nonprofits/download-filing?path=IRS%2F223951652_202309_990_2024121122943891.pdf,
223951652,Israeli-american Council,Woodland Hls,CA,P20,3,2008-01-01,2022,990,18552282,17255406,17167773,1400864,129073,36433530,1752822,https://projects.propublica.org/nonprofits/download-filing?path=download990pdf_01_2024_prefixes_22-22%2F223951652_202209_990_2024011622236967.pdf,
223951652,Israeli-american Council,Woodland Hls,CA,P20,3,2008-01-01,2021,990,11589716,12233315,11173292,351552,42809,36464836,3060740,https://projects.propublica.org/nonprofits/download-filing?path=IRS%2F223951652_202109_990_2023020620918887.pdf,
223951652,Israeli-american Council,Woodland Hls,CA,P20,3,2008-01-01,2020,990,17527897,16472481,16102746,1212767,201914,37339493,3291798,,
223951652,Israeli-american Council,Woodland Hls,CA,P20,3,2008-01-01,2019,990,19230628,18985908,18215299,1335636,302895,34441715,1461181,https://projects.propublica.org/nonprofits/download-filing?path=02_2021_prefixes_22-23%2F223951652_201909_990_2021021717709447.pdf,
223951652,Israeli-american Council,Woodland Hls,CA,P20,3,2008-01-01,2018,990,18273453,16463760,17320588,1378723,59633,32801071,962986,https://projects.propublica.org/nonprofits/download-filing?path=10_2019_prefixes_20-22%2F223951652_201809_990_2019101816760276.pdf,
223951652,Israeli-american Council,Woodland Hls,CA,P20,3,2008-01-01,2017,990,19676833,15082616,19191073,0,38398,20675425,15698,https://projects.propublica.org/nonprofits/download-filing?path=06_2019_prefixes_22-23%2F223951652_201709_990_2019060716394990.pdf,
223951652,Israeli-american Council,Woodland Hls,CA,P20,3,2008-01-01,2016,990,19147756,14334363,17614398,0,6122,16080347,14837,https://projects.propublica.org/nonprofits/download-filing?path=IRS%2F223951652_201609_990_2017102614889974.pdf,
223951652,Israeli-american Council,Woodland Hls,CA,P20,3,2008-01-01,2015,990,17289716,14959392,15979914,0,4096,11320212,68095,https://projects.propublica.org/nonprofits/download-filing?path=2016_12_EO%2F22-3951652_990_201509.pdf,
223951652,Israeli-american Council,Woodland Hls,CA,P20,3,2008-01-01,2014,990,10852068,5763189,9710762,0,4146,8961757,39964,https://projects.propublica.org/nonprofits/download-filing?path=2015_10_EO%2F22-3951652_990_201409.pdf,
223951652,Israeli-american Council,Woodland Hls,CA,P20,3,2008-01-01,2013,990,5530886,2435634,4550548,0,358,3863470,30556,https://projects.propublica.org/nonprofits/download-filing?path=2014_09_EO%2F22-3951652_990_201309.pdf,
223951652,Israeli-american Council,Woodland Hls,CA,P20,3,2008-01-01,2012,990,3267635,3293005,3253944,0,352,1063285,325623,https://projects.propublica.org/nonprofits/download-filing?path=2013_12_EO%2F22-3951652_990_201209.pdf,
223951652,Israeli-american Council,Woodland Hls,CA,P20,3,2008-01-01,2011,990,1221665,1322949,1221150,0,515,838032,75000,https://projects.propublica.org/nonprofits/download-filing?path=2012_08_EO%2F22-3951652_990_201109.pdf,
956111928,Jewish Community Fdn Of The Jewish Federation Council Of Greater La,Los Angeles,CA,T70,3,2017-03-01,2022,990,47166388,125238141,73531153,0,15013775,1019050070,225513679,https://projects.propublica.org/nonprofits/download-filing?path=download990pdf_01_2024_prefixes_95-99%2F956111928_202212_990_2024010322166457.pdf,
956111928,Jewish Community Fdn Of The Jewish Federation Council Of Greater La,Los Angeles,CA,T70,3,2017-03-01,2021,990,179628245,151792858,104375577,0,12836445,1255786161,291980022,https://projects.propublica.org/nonprofits/download-filing?path=download990pdf_05_2023_prefixes_95-99%2F956111928_202112_990_2023050921189657.pdf,
956111928,Jewish Community Fdn Of The Jewish Federation Council Of Greater La,Los Angeles,CA,T70,3,2017-03-01,2020,990,108439956,107541922,83639749,0,18729645,1147355921,231761307,,
956111928,Jewish Community Fdn Of The Jewish Federation Council Of Greater La,Los Angeles,CA,T70,3,2017-03-01,2019,990,149675530,114088256,97090638,0,16791728,1081965866,216850138,https://projects.propublica.org/nonprofits/download-filing?path=03_2021_prefixes_94-99%2F956111928_201912_990_2021030117772278.pdf,
956111928,Jewish Community Fdn Of The Jewish Federation Council Of Greater La,Los Angeles,CA,T70,3,2017-03-01,2018,990,105724305,103085128,85550541,0,17531878,960591791,192956803,https://projects.propublica.org/nonprofits/download-filing?path=02_2020_prefixes_94-99%2F956111928_201812_990_2020020717124201.pdf,
956111928,Jewish Community Fdn Of The Jewish Federation Council Of Greater La,Los Angeles,CA,T70,3,2017-03-01,2017,990,143749974,85359129,110949957,0,10485881,1007006468,205752120,https://projects.propublica.org/nonprofits/download-filing?path=02_2019_prefixes_95-99%2F956111928_201712_990_2019020816077861.pdf,
956111928,Jewish Community Fdn Of The Jewish Federation Council Of Greater La,Los Angeles,CA,T70,3,2017-03-01,2016,990,141360775,68493551,128305449,0,7432263,872608794,146637576,https://projects.propublica.org/nonprofits/download-filing?path=12_2017_prefixes_94-99%2F956111928_201612_990_2017122715056375.pdf,
956111928,Jewish Community Fdn Of The Jewish Federation Council Of Greater La,Los Angeles,CA,T70,3,2017-03-01,2015,990,86695035,75472348,76388410,0,6228659,785493411,150691701,https://projects.propublica.org/nonprofits/download-filing?path=2017_03_EO%2F95-6111928_990_201512.pdf,
956111928,Jewish Community Fdn Of The Jewish Federation Council Of Greater La,Los Angeles,CA,T70,3,2017-03-01,2014,990,134006774,62987930,116428117,0,12081195,814558338,155014287,https://projects.propublica.org/nonprofits/download-filing?path=2016_01_EO%2F13-162326_90048_956111928.pdf,
956111928,Jewish Community Fdn Of The Jewish Federation Council Of Greater La,Los Angeles,CA,T70,3,2017-03-01,2013,990,91333422,55402172,80528726,0,4188488,727216425,148751032,https://projects.propublica.org/nonprofits/download-filing?path=2014_12_EO%2F95-6111928_990_201312.pdf,
956111928,Jewish Community Fdn Of The Jewish Federation Council Of Greater La,Los Angeles,CA,T70,3,2017-03-01,2012,990,69603775,56376715,64300097,0,3555353,659157802,138768372,https://projects.propublica.org/nonprofits/download-filing?path=2013_12_EO%2F95-6111928_990_201212.pdf,
956111928,Jewish Community Fdn Of The Jewish Federation Council Of Greater La,Los Angeles,CA,T70,3,2017-03-01,2011,990,59546162,46869557,58349393,0,2815962,603732891,123724971,https://projects.propublica.org/nonprofits/download-filing?path=2012_12_EO%2F95-6111928_990_201112.pdf,
923007627,Jewish Sanctuary Kfar Saba Urban Farm,Winnetka,CA,X30,3,2025-02-01,,NO FINANCIAL DATA (990-N / none),,,,,,,,,
